id,object_ref,category,date,type,floor,rent,rent_add,rent_net,rooms,area,year_built,street_number,city,zip
3001314971,ig6dw.46r3z,rent,2021-09-30T14:31:08.316264,,4,520,,,,19,,Blumenbergplatz 5,St. Gallen,9000
3001087436,146.1.10.800384.d8ee1213-8011-11eb-8e73-005056bdbc06,rent,2021-09-30T14:31:08.376172,,3,550,,,,,,Linsebühlstrasse 18,St. Gallen,9000
3001237053,152801.01.00402,rent,2021-09-30T14:31:08.396096,,4,530,,,,28,1962,Vonwilstr. 15,St. Gallen,9000
3001051234,10738.10738.1012,rent,2021-09-30T14:31:08.452852,,1,600,,,,,,Brauerstrasse 3,St. Gallen,9000
3000763958,StGallen,rent,2021-09-30T14:31:08.540689,,,550,,,,,,Schützengasse,St. Gallen,9000
3001381704,51219.01.6001,rent,2021-09-30T14:31:08.595315,,5,100,,,,,1905,Burggraben 26,St. Gallen,9000
3001292565,Linsen68.16841,rent,2021-09-30T14:31:08.617437,,1,475,,,,,,Linsenbühlstrasse 68,St. Gallen,9000
3001209766,050-07.07.830758.b9c75053-b227-11eb-820b-005056bdbc06,rent,2021-09-30T14:31:08.636397,,4,1850,,,,101,2000,Oberer Graben 37,St. Gallen,9000
3001356440,Z213WHG4OG,rent,2021-09-30T14:31:08.666684,,4,390,,,,45,,Zürcherstr. 213,St. Gallen,9000
3001208734,040-05.07.857503.0691d98a-e607-11eb-9c8e-005056bdbc06,rent,2021-09-30T14:31:08.686526,,2,1600,,,,90,1977,Schorenstrasse 74,St. Gallen,9000
3001334101,1ik89.wbz1b,rent,2021-09-30T14:31:08.709656,,1,2045,195,1850,,98,2016,Rappensteinstrasse 23,St. Gallen,9000
3001303010,2060-3011.872880.7c513451-0718-11ec-8c59-005056bdbc06,rent,2021-09-30T14:31:08.737279,,1,1630,,,,122,,Dietlistrasse 6,St. Gallen,9000
3001279823,45792169,rent,2021-09-30T14:31:08.787412,,,1490,,,,80,,Solitüdenstrasse 1,St. Gallen,9012
3000888275,ZX429008,rent,2021-09-30T14:31:09.044936,,2,1240,,,,71,,Langgasse 70,St. Gallen,9008
3001166252,1026.1.1005,rent,2021-09-30T14:31:09.058203,,GF,1590,210,1380,,82,1965,Obere Berneggstrasse 79,St. Gallen,9012
3001079915,572c3.yfjkq,rent,2021-09-30T14:31:09.071396,,GF,1390,200,1190,,41,1910,Kräzernstrasse 30,St. Gallen,9015
3001279734,TG1811.TG1811.TG1811,rent,2021-09-30T14:31:09.145266,,4,1040,,,,97,,Kräzernstrasse 10,St. Gallen,9014
3001303220,10104.1.1032,rent,2021-09-30T14:31:09.173487,,3,1190,,,,48,,Rickenstrasse 4,St. Gallen,9014
3001271248,4 Zi-Wg 1. OG links 30d 1,rent,2021-09-30T14:31:09.206715,,1,1120,,,,,,Martinsbruggstrasse 30d,St. Gallen,9016
3001031567,6170.02.0019,rent,2021-09-30T14:31:09.222070,,2,1390,200,1190,,76,1968,Zilstrasse 4a,St. Gallen,9016
3001369751,20120.4.4002,rent,2021-09-30T14:31:09.324295,,GF,1290,150,1140,,61,1981,Tablatstrasse 10c,St. Gallen,9016
3001315026,Achslenweg 17 - 4 Zi-Wg 1. OG links 2,rent,2021-09-30T14:31:09.336698,,1,1298,,,,,,Achslenweg 17,St. Gallen,9016
3001042300,7160.01.0009,rent,2021-09-30T14:31:09.355606,,2,1290,170,1120,,64,1969,Zilstrasse 14,St. Gallen,9016
3001335808,1069.1006.878261.26fae24f-114a-11ec-8c59-005056bdbc06,rent,2021-09-30T14:31:09.399222,,2,1190,220,970,,75,1920,Rorschacher Strasse 229,St. Gallen,9016
3001175902,16510.37.0202,rent,2021-09-30T14:31:09.472443,,2,1070,,,,,,Brauerstrasse 37,St. Gallen,9016
3001271250,A95ZL3R_22U3Y5D,rent,2021-09-30T14:31:09.531289,,3,990,,,,,,Martinsbruggstrasse 30b,St. Gallen,9016
3001253399,10263.02.0102,rent,2021-09-30T14:31:09.546135,,1,960,,,,53,1962,Burenbüchelstrasse 18a,St. Gallen,9016
3001253435,901601.1.20071061,rent,2021-09-30T14:31:09.571849,,6,1070,,,,,1966,Rehetobelstrasse 71,St. Gallen,9016
3001208239,857415.66bc47ff-e588-11eb-9c8e-005056bdbc06,rent,2021-09-30T14:31:09.587745,,3,990,,,,,,Martinsbruggstrasse 45,St. Gallen,9016
3001305225,16482.01.0001,rent,2021-09-30T14:31:09.611991,,GF,650,,,,30,1966,Hafnerstrasse 8,St. Gallen,9000
3001315465,1058.1103.874762.76b09ad5-0b1b-11ec-8c59-005056bdbc06,rent,2021-09-30T14:31:09.630704,,1,750,95,655,,,1973,Rorschacherstrasse 50a,St. Gallen,9000
3001368780,1065.1101.885193.f228ff36-1c31-11ec-8c59-005056bdbc06,rent,2021-09-30T14:31:09.671597,,1,1130,180,950,,,,Martinsbruggstrasse 59,St. Gallen,9016
3001246726,863663.a0e4315f-f45a-11eb-83fa-005056bdbc06,rent,2021-09-30T14:31:09.755860,,2,1170,180,990,,50,,Achslenweg 8,St. Gallen,9016
3001327102,3935.3001,rent,2021-09-30T14:31:09.804854,,GF,1050,,,,,1920,Kolumbanstrasse 36,St. Gallen,9008
3001172304,f70d4e6b-75f1-11eb-9a3b-005056bdbc06,rent,2021-09-30T14:31:09.833317,,2,1050,,,,68,,Lukasstrasse 3,St. Gallen,9008
3001252594,5690.13.2005,rent,2021-09-30T14:31:09.851161,,2,1160,,,,58,2003,Haggenstr. 56,St. Gallen,9014
3001190574,854424.2e0abf01-dff3-11eb-84f0-005056bdbc06,rent,2021-09-30T14:31:09.908977,,,1100,,,,65,,Hungerbühlerstrasse 1a,St. Gallen,9014
3001101387,1505.06.0340,rent,2021-09-30T14:31:10.041022,,5,1045,,,,82,1986,Rorschacherstrasse 238,St. Gallen,9016
3001337225,6811.15.0101,rent,2021-09-30T14:31:10.096580,,1,1440,,,,88,2020,Bernhardswiesstrasse 34,St. Gallen,9014
3001349858,1011.092021.866785.a3db3f97-faae-11eb-8985-005056bdbc06,rent,2021-09-30T14:31:10.170282,,2,1400,,,,,2016,Fürstenlandstrasse 135,St. Gallen,9014
3001339504,0535,rent,2021-09-30T14:31:10.228298,,GF,1420,,,,90,2020,Hechtackerstrasse 12g,St. Gallen,9014
3001252596,5690.05.2001,rent,2021-09-30T14:31:10.396584,,2,1430,,,,80,2003,Haggenstr. 58,St. Gallen,9014
3001044707,53013.01.0116,rent,2021-09-30T14:31:10.432260,,1,1640,220,1420,,95,1997,Kublystrasse 22 - 23a,St. Gallen,9016
3001321244,7797.05.0101,rent,2021-09-30T14:31:10.543705,,1,1635,280,1355,,90,1968,Oberzilstrasse 6,St. Gallen,9016
3001091170,07439.01.0050,rent,2021-09-30T14:31:10.591056,,1,1620,240,1380,,99,1981,Tablatstr. 12,St. Gallen,9016
3001152558,54427.01.0101,rent,2021-09-30T14:31:10.624250,,1,1600,200,1400,,80,1985,Rorschacher Strasse 277a,St. Gallen,9016
3001312809,5416.12.0041,rent,2021-09-30T14:31:10.688692,,1,1290,,,,94,1967,Zilstrasse 56,St. Gallen,9016
3001334114,8904.21.0103,rent,2021-09-30T14:31:10.720361,,1,1575,240,1335,,93,1995,Zilweg 15,St. Gallen,9016
3001353761,6170.01.0005,rent,2021-09-30T14:31:10.929999,,2,1420,200,1220,,76,1968,Zilstrasse 4,St. Gallen,9016
3001328999,22101.01.10002,rent,2021-09-30T14:31:10.950344,,GF,1350,,,,77,,Schönbüelpark 12,St. Gallen,9016
3001259959,8904.41.0102,rent,2021-09-30T14:31:10.972698,,1,1580,265,1315,,92,1995,Brauerstrasse 81,St. Gallen,9016
3001310133,132501.09.00206,rent,2021-09-30T14:31:11.114477,,2,770,,,,,1965,Rappensteinweg 7,St. Gallen,9000
3001082656,4165.4021,rent,2021-09-30T14:31:11.134371,,2,1070,,,,83,1920,Langgasse 63,St. Gallen,9008
3001369750,20120.4.4062,rent,2021-09-30T14:31:11.158401,,6,1396,170,1226,,61,1981,Tablatstrasse 10c,St. Gallen,9016
3001366184,unusbasic2,rent,2021-09-30T14:31:11.173865,,,790,,,,30,2021,Brauerstrasse 21 / 23,St. Gallen,9000
3001356526,6170.03.0036,rent,2021-09-30T14:31:11.331051,,1,1400,200,1200,,76,1968,Zilstrasse 6,St. Gallen,9016
3001170430,132501.09.00105,rent,2021-09-30T14:31:11.351425,,1,770,,,,,1965,Rappensteinweg 7,St. Gallen,9000
3001233790,861550.09db43ef-ef73-11eb-83fa-005056bdbc06,rent,2021-09-30T14:31:11.479226,,1,950,140,810,,40,,Rorschacher Strasse 183,St. Gallen,9000
3001384071,6811.05.0301,rent,2021-09-30T14:31:11.496980,,3,1440,,,,88,2020,Hechtackerstrasse 12d,St. Gallen,9014
3001362014,6172.03.0201,rent,2021-09-30T14:31:11.533336,,2,750,,,,45,1947,Helvetiastrasse 51 A,St. Gallen,9000
3001347260,4020/010201/25.880118.44fc8d14-1532-11ec-8c59-005056bdbc06,rent,2021-09-30T14:31:11.551562,,2,850,,,,62,,Bauhofstrasse 4,St. Gallen,9000
3001347688,880233.38965c7b-1550-11ec-8c59-005056bdbc06,rent,2021-09-30T14:31:11.566447,,4,850,,,,26,,Teufener Strasse 10,St. Gallen,9000
3001377056,47644397,rent,2021-09-30T14:31:11.609671,,,620,,,,30,,Zürcherstrasse 240,St. Gallen,9014
3001329780,40892604,rent,2021-09-30T14:31:11.621029,,,1120,,,,70,,Stationsweg 8,St. Gallen,9014
3001316083,06843.02.0208,rent,2021-09-30T14:31:11.641390,,3,2150,,,,171,2005,Heimstr. 12,St. Gallen,9014
3001133982,7797.07.0201,rent,2021-09-30T14:31:11.843866,,2,1690,280,1410,,95,1968,Zilweg 10,St. Gallen,9016
3001346929,41059445,rent,2021-09-30T14:31:11.854756,,,1340,,,,80,,Bernhardswiesstrasse 33,St. Gallen,9014
3001302821,158105.01.00403,rent,2021-09-30T14:31:11.884035,,4,1570,,,,141,1980,Reherstr. 19,St. Gallen,9016
3001346931,38488958,rent,2021-09-30T14:31:11.896662,,,1240,,,,,,Stationstrasse 49,St. Gallen,9014
3001335388,47314856,rent,2021-09-30T14:31:11.918163,,,1500,,,,,,Brauerstrasse 40,St. Gallen,9016
3001260766,28945540,rent,2021-09-30T14:31:11.932859,,,1390,,,,79,,Reherstr.22 c,St. Gallen,9016
3001354292,54427.03.0201,rent,2021-09-30T14:31:11.979510,,2,1820,280,1540,,98,1985,Rorschacher Strasse 277C,St. Gallen,9016
3001316326,9gqwu.ssc5f,rent,2021-09-30T14:31:12.029742,,3,1850,,,,,,Kesselhaldenstrasse 25,St. Gallen,9016
3001336410,5419.09.0047,rent,2021-09-30T14:31:12.044742,,4,1510,,,,103,1979,Zilweg 11,St. Gallen,9016
3001385212,46387355,rent,2021-09-30T14:31:12.059472,,,1560,,,,110,,Martinsbruggstrasse 34,St. Gallen,9016
3001342548,47374447,rent,2021-09-30T14:31:12.131730,,,1250,,,,80,,Hüttenwiesstrasse 9,St. Gallen,9016
3001305223,16482.01.0003,rent,2021-09-30T14:31:12.153557,,GF,870,,,,46,1966,Hafnerstrasse 8,St. Gallen,9000
3001333366,27511.03.0004,rent,2021-09-30T14:31:12.196196,,GF,870,,,,32,2022,Ahornstrasse 23b,St. Gallen,9000
3001352179,A9HNJ3R_22HCU5N,rent,2021-09-30T14:31:12.235398,,3,865,,,,60,,Rappensteinstrasse 7,St. Gallen,9000
3001175690,505.301,rent,2021-09-30T14:31:12.247623,,3,1484,250,1234,,95,1900,Aeplistrasse 5,St. Gallen,9008
3001314341,46235317,rent,2021-09-30T14:31:12.324730,,,990,,,,51,,Rorschacherstrasse 231,St. Gallen,9016
3000821708,864624.769746.092210a0-4915-11eb-a40c-005056bdbc06,rent,2021-09-30T14:31:12.338428,,2,880,,,,,,Teufenerstrasse 146,St. Gallen,9000
3001309858,08058.01.0101,rent,2021-09-30T14:31:12.400996,,GF,1000,110,890,,45,1920,Brühlbleichestrasse 10,St. Gallen,9000
3001285654,Falkensteinstrasse 5 - 2 ZWG.870234.1ded9214-0192-11ec-bf79-005056bdbc06,rent,2021-09-30T14:31:12.422325,,GF,995,220,775,,57,,Falkensteinstrasse 5,St. Gallen,9000
3001285655,SG-Singenbergstrasse8-001.870238.eee50ed6-ef82-11eb-83fa-005056bdbc06,rent,2021-09-30T14:31:12.445838,,3,840,,,,,,Singenbergstrasse 8,St. Gallen,9000
3001219305,859212.e6807ac3-e9ff-11eb-9c8e-005056bdbc06,rent,2021-09-30T14:31:12.468275,,5,995,140,855,,42,,Burgstrasse 21,St. Gallen,9000
3001192364,Falkensteinstrasse 5 2.OG - 001.779598.087d6254-5bd8-11eb-8230-005056bdbc06,rent,2021-09-30T14:31:12.480771,,GF,775,,,,58,,Falkensteinstrasse 5,St. Gallen,9000
3001331658,4992.1001,rent,2021-09-30T14:31:12.542461,,-1,870,,,,38,,Rorschacherstrasse 165,St. Gallen,9000
3001373894,"SG-Teufenerstrasse 12, 2 ZWG 3.OG-003.886548.3b6587de-1d2b-11ec-842e-005056bdbc06",rent,2021-09-30T14:31:12.576302,,3,900,,,,,,Teufener Strasse 12,St. Gallen,9000
3000700663,4548.01.0101,rent,2021-09-30T14:31:12.594344,,1,740,,,,47,,Teufenerstrasse 62,St. Gallen,9000
3001315318,874727.0b738b2c-0b0f-11ec-8c59-005056bdbc06,rent,2021-09-30T14:31:12.618874,,GF,990,140,850,,42,,Burgstrasse 19,St. Gallen,9000
3001029335,4548.01.0202,rent,2021-09-30T14:31:12.649487,,2,790,,,,47,,Teufenerstrasse 62,St. Gallen,9000
3000428258,ZXW251OG9000,rent,2021-09-30T14:31:12.684843,,1,810,,,,,,Teufenerstrasse 88,St. Gallen,9000
3001342543,47371631,rent,2021-09-30T14:31:12.707176,,,1850,,,,,,Kesselhaldenstrasse 25 St. Gallen,St. Gallen,9016
3001307270,983484.873398.110c47e1-08be-11ec-8c59-005056bdbc06,rent,2021-09-30T14:31:12.725387,,2,850,,,,,,St. Georgenstrasse 36,St. Gallen,9000
3001374163,47613410,rent,2021-09-30T14:31:12.752312,,,1825,,,,115,,Schönbüelpark 7,St. Gallen,9016
3001382303,47688267,rent,2021-09-30T14:31:12.778789,,,1730,,,,135,,Kesselhaldenstrasse 6,St. Gallen,9016
3001370273,83565.01.0103,rent,2021-09-30T14:31:12.833563,,1,840,,,,36,,Höhenweg 11,St. Gallen,9000
3001258284,46798426,rent,2021-09-30T14:31:12.867981,,,1652,,,,120,,Martinsbruggstrasse 35,St. Gallen,9016
3001136358,5552.goldinger.SM408.1106,rent,2021-09-30T14:31:12.894108,,2,880,,,,,,Fähnernstrasse 3,St. Gallen,9000
3001056540,828934.85c7940b-ae48-11eb-820b-005056bdbc06,rent,2021-09-30T14:31:12.928356,,3,780,,,,,,Brunnenbergstrasse 12,St. Gallen,9000
3001302459,46160687,rent,2021-09-30T14:31:12.950862,,,1630,,,,80,,Rorschacher Strasse 279a,St. Gallen,9016
3001344847,1058.1501.879674.2a4dde99-147f-11ec-8c59-005056bdbc06,rent,2021-09-30T14:31:12.987724,,5,1030,140,890,,,1973,Rorschacherstrasse 50a,St. Gallen,9000
3001010961,ZXW25DM9000,rent,2021-09-30T14:31:13.022776,,2,960,,,,,,Teufenerstrasse 88,St. Gallen,9000
3001287409,42105.01.10001,rent,2021-09-30T14:31:13.040962,,GF,950,,,,38,,Burgstrasse 134,St. Gallen,9000
3001330259,2560-9.875828.99a5fe64-0c7b-11ec-8c59-005056bdbc06,rent,2021-09-30T14:31:13.064022,,,950,,,,42,2022,Ahornstrasse 60,St. Gallen,9000
3000780700,xupkr.x371g,rent,2021-09-30T14:31:13.122405,,2,1120,150,970,,85,1980,Oberstrasse 123,St. Gallen,9000
3001365731,884419.dca29b65-1ae8-11ec-8c59-005056bdbc06,rent,2021-09-30T14:31:13.138098,,4,1100,100,1000,,35,,Linsebühlstrasse 32,St. Gallen,9000
3001378045,31.90.887382.5cde7444-1f7e-11ec-842e-005056bdbc06,rent,2021-09-30T14:31:13.149658,,1,950,,,,45,,Torstrasse 20,St. Gallen,9000
3001146643,142_1_202.800510.10935909-8029-11eb-8e73-005056bdbc06,rent,2021-09-30T14:31:13.173001,,2,900,,,,57,,Paradiesstrasse 29,St. Gallen,9000
3001166251,2016.1.1401,rent,2021-09-30T14:31:13.202856,,4,900,,,,,1931,Schönaustrasse 79,St. Gallen,9000
3001366173,unusgrande2,rent,2021-09-30T14:31:13.252878,,,980,,,,42,2021,Brauerstrasse 21 / 23,St. Gallen,9000
3001372850,195901.01.00001,rent,2021-09-30T14:31:13.264965,,GF,990,,,,40,1934,Winkelriedstr. 17,St. Gallen,9000
3001310138,148101.01.00201,rent,2021-09-30T14:31:13.324107,,2,900,,,,62,1958,St. Georgen-Str. 39,St. Gallen,9000
3001262175,A8879,rent,2021-09-30T14:31:13.338925,,2,900,,,,70,,Burgstrasse 66,St. Gallen,9000
3001002965,011299_1,rent,2021-09-30T14:31:13.378030,,,1090,,,,59,1920,Teufenerstrasse 170,St. Gallen,9000
3001366182,unusgrande,rent,2021-09-30T14:31:13.393305,,,950,,,,36,2021,Brauerstrasse 21 / 23,St. Gallen,9000
3001221053,859518.b5ee3428-ea23-11eb-9c8e-005056bdbc06,rent,2021-09-30T14:31:13.420487,,1,910,,,,,,Röschstrasse 9,St. Gallen,9000
3000768247,58.2..754267.77e7146c-2f15-11eb-b716-005056bdbc06,rent,2021-09-30T14:31:13.434921,,3,910,,,,,,Röschstr. 9,St. Gallen,9000
3000969216,Helvetiastr 41 06.807929.649217a9-88c4-11eb-a60b-005056bdbc06,rent,2021-09-30T14:31:13.473742,,1,910,,,,45,,Helvetiastrasse 41,St. Gallen,9000
3000883405,114,rent,2021-09-30T14:31:13.513433,,4,855,,,,60,,Zürcher Strasse 70,St. Gallen,9000
3001167228,23037.02.430010,rent,2021-09-30T14:31:13.617607,,3,1307,,,,93,,Langgasse 155,St. Gallen,9008
3001016630,23036.02.410020,rent,2021-09-30T14:31:13.639333,,1,1290,,,,94,,Langgasse 165,St. Gallen,9008
3001154674,23037.02.400020,rent,2021-09-30T14:31:13.660529,,GF,1350,,,,98,,Langgasse 155,St. Gallen,9008
3001183467,9008,rent,2021-09-30T14:31:13.696220,,GF,1440,,,,,,Goethestrasse 24,St. Gallen,9008
3001282742,5648.goldinger.SM98.1110,rent,2021-09-30T14:31:13.740536,,4,840,,,,,,Lämmlisbrunnenstrasse 16,St. Gallen,9000
3001347504,174.70.4im2ogssll,rent,2021-09-30T14:31:13.785988,,2,1340,,,,,,Langgasse 70,St. Gallen,9008
3001347502,174.70.4im2ogg,rent,2021-09-30T14:31:13.802372,,2,1340,,,,,,Langgasse 70,St. Gallen,9008
3001346082,23037.01.400020,rent,2021-09-30T14:31:13.870071,,GF,1310,,,,98,,Langgasse 153,St. Gallen,9008
3001298695,23036.01.410010,rent,2021-09-30T14:31:13.884632,,1,1290,,,,97,,Langgasse 163,St. Gallen,9008
3001371467,162.121b.ssll25im3,rent,2021-09-30T14:31:13.982081,,3,960,,,,,,Teufenerstr. 121 b,St. Gallen,9000
3001347474,158.88.35im2oGesc,rent,2021-09-30T14:31:13.995760,,2,980,,,,,,Teufenerstr. 88,St. Gallen,9000
3001281696,11201.02.10001,rent,2021-09-30T14:31:14.039159,,GF,1050,,,,51,,Oberstrasse 81,St. Gallen,9000
3000872761,3644.03.0002,rent,2021-09-30T14:31:14.057440,,GF,1180,180,1000,,47,1919,Linsebühlstrasse 16,St. Gallen,9000
3001105858,836842.26f5baab-bec8-11eb-bac8-005056bdbc06,rent,2021-09-30T14:31:14.340553,,4,1180,150,1030,,61,,Metallstrasse 12,St. Gallen,9000
3000873652,153401.01.00203,rent,2021-09-30T14:31:14.357015,,2,900,,,,71,1920,Tschudistr. 36,St. Gallen,9000
3001209450,9602.21c,rent,2021-09-30T14:31:14.386540,,2,1008,,,,90,1920,Teufenerstrasse 68,St. Gallen,9000
3001185776,7801.05.0001,rent,2021-09-30T14:31:14.407725,,GF,1170,220,950,,56,1963,Dreilindenhang 10,St. Gallen,9000
3001334788,53420.01.0301,rent,2021-09-30T14:31:14.424714,,3,1030,,,,,1920,Marktplatz 20,St. Gallen,9000
3001327633,08059.01.0103,rent,2021-09-30T14:31:14.474557,,2,1150,140,1010,,47,1920,Linsebühlstrasse 35,St. Gallen,9000
3001284021,A8365,rent,2021-09-30T14:31:14.509802,,,1005,,,,39,,Bürglistrasse 2,St. Gallen,9000
3001055869,Bedastrasse.11.10,rent,2021-09-30T14:31:14.531080,,3,990,,,,45,,Bedastrasse 11,St. Gallen,9000
3001328645,37011.01.420030,rent,2021-09-30T14:31:14.544658,,2,960,,,,60,1920,Badstrasse 8,St. Gallen,9000
3001328644,37011.01.410030,rent,2021-09-30T14:31:14.558729,,1,960,,,,60,1920,Badstrasse 8,St. Gallen,9000
3001292818,258.599.59,rent,2021-09-30T14:31:14.572635,,GF,960,,,,,,Zürcherstrasse 68,St. Gallen,9000
3001371439,162.121b.25im3oggSLL,rent,2021-09-30T14:31:14.702547,,3,960,,,,,,Teufenerstr. 121 b,St. Gallen,9000
3001327306,(6653123),rent,2021-09-30T14:31:14.724084,,GF,1140,160,980,,48,,Glaserstrasse 3A,St. Gallen,9000
3000422289,ZXW2519000,rent,2021-09-30T14:31:14.741258,,1,960,,,,,,Teufenerstrasse 121b,St. Gallen,9000
3001326790,43824090,rent,2021-09-30T14:31:14.771441,,,500,,,,,,Heiligkreuzstrasse 53a,St. Gallen,9008
3001385255,56.951.5,rent,2021-09-30T14:31:14.783573,,1,1430,,,,96,,Langgasse 159,St. Gallen,9008
3001367073,39414342,rent,2021-09-30T14:31:14.797304,,,1190,,,,65,,Langgasse 61,St. Gallen,9008
3001347479,162.121b.25im3ogg,rent,2021-09-30T14:31:14.837712,,3,960,,,,,,Teufenerstr. 121 b,St. Gallen,9000
3001385125,20210818-01.869689.c57b04f4-00b9-11ec-bf79-005056bdbc06,rent,2021-09-30T14:31:14.950496,,,2400,,,,,,Sonnenhaldenstrasse 38,St. Gallen,9008
3001347475,158.88.35im2oGsll,rent,2021-09-30T14:31:14.971232,,2,980,,,,,,Teufenerstr. 88,St. Gallen,9000
3001246535,08083.02.0242,rent,2021-09-30T14:31:14.991294,,4,1820,,,,125,1988,Langgasse 11,St. Gallen,9008
3001295624,5171.05.0104,rent,2021-09-30T14:31:15.008500,,1,2232,342,1890,,134,2012,Langgasse 12,St. Gallen,9008
3001350678,08083.01.0131,rent,2021-09-30T14:31:15.037802,,3,1695,,,,117,1988,Langgasse 9,St. Gallen,9008
3001198152,44.53.4501.680424.b1ec94ce-b076-11ea-97df-005056bdbc06,rent,2021-09-30T14:31:15.063499,,4,2390,250,2140,,127,2017,Heiligkreuzstrasse 53,St. Gallen,9008
3001252875,"SG-Hirtenstrasse 6, 4-ZWG 1.OG links.864915.b6d3c342-f67c-11eb-8985-005056bdbc06",rent,2021-09-30T14:31:15.098087,,1,1740,,,,,,Hirtenstrasse 6,St. Gallen,9008
3001339065,15601.14.878853.5bdb5c07-1233-11ec-8c59-005056bdbc06,rent,2021-09-30T14:31:15.111354,,4,2390,210,2180,,130,,Dufourstrasse 7,St. Gallen,9008
3001378634,01139.02.0001,rent,2021-09-30T14:31:15.296781,,1,1040,,,,,1951,Zürcher Strasse 34,St. Gallen,9000
3001384902,169-1.uze.4100-2001,rent,2021-09-30T14:31:15.326513,,,1060,,,,50,,Teufenerstrasse 95,St. Gallen,9000
3000915459,10296.1.1007,rent,2021-09-30T14:31:15.424218,,2,1060,,,,,,Andreasstrasse 2,St. Gallen,9000
3001328030,1032.092021.848307.74236ffa-d3ec-11eb-92cc-005056bdbc06,rent,2021-09-30T14:31:15.463978,,3,200,,,,,,St. Jakobstrasse 48,St. Gallen,9000
3001384889,264-1.uze.4100-2013,rent,2021-09-30T14:31:15.534830,,1,1050,,,,55,,Teufenerstrasse 95,St. Gallen,9000
3001380896,SM1008.1106.888276.4a07c712-2068-11ec-842e-005056bdbc06,rent,2021-09-30T14:31:15.547349,,3,1230,140,1090,,48,,Teufenerstrasse 52,St. Gallen,9000
3001207025,10270.77.1014,rent,2021-09-30T14:31:15.581815,,3,990,,,,,,Schönaustrasse 77,St. Gallen,9000
3001136610,16186.02.0102,rent,2021-09-30T14:31:15.625213,,1,1120,,,,,,Linsebühlstrasse 50,St. Gallen,9000
3001366896,8902.04.0038,rent,2021-09-30T14:31:15.642014,,2,1010,,,,74,1983,Linsebühlstrasse 99,St. Gallen,9000
3001333308,1002.092021.828321.b36855e4-ada7-11eb-820b-005056bdbc06,rent,2021-09-30T14:31:15.661462,,GF,1100,,,,46,,Rosenbergstrasse 64,St. Gallen,9000
3001077557,7835.01.0203,rent,2021-09-30T14:31:15.725629,,2,990,,,,61,1952,Grossackerstr. 10,St. Gallen,9000
3001356441,A88952,rent,2021-09-30T14:31:15.757502,,,1055,,,,55,1973,Redingstrasse 3,St. Gallen,9000
3001078279,146.1.42.834226.51285f4c-b92f-11eb-820b-005056bdbc06,rent,2021-09-30T14:31:15.771693,,4,1050,,,,,,Linsebühlstrasse 18,St. Gallen,9000
3001366789,dccuo.i4v4u,rent,2021-09-30T14:31:15.786540,,2,1200,,,,,,Zimmerstrasse 09,St. Gallen,9000
3001270299,16401.02.410020,rent,2021-09-30T14:31:15.857701,,1,1200,200,1000,,74,1951,Falkensteinstrasse 10,St. Gallen,9000
3001362034,IT3SG - Harfenbergstrasse 13 - 001.883369.90711f79-1a11-11ec-8c59-005056bdbc06,rent,2021-09-30T14:31:15.947735,,5,990,,,,,,Harfenbergstrasse 13,St. Gallen,9000
3001145713,CALOST.CALOST.CALOST,rent,2021-09-30T14:31:15.961627,,2,1200,100,1100,,70,,Oststr. 7,St. Gallen,9000
3001331624,5487-2.goldinger.SM264.1208,rent,2021-09-30T14:31:16.042448,,3,1560,,,,71,,Langgasse 29,St. Gallen,9008
3001352407,08083.03.0351,rent,2021-09-30T14:31:16.055552,,5,1515,,,,108,1988,Langgasse 13,St. Gallen,9008
3001332149,51811.02.0005,rent,2021-09-30T14:31:16.070135,,GF,1490,,,,100,1998,Espentobelstrasse 5a,St. Gallen,9008
3001174557,22112.01.10400,rent,2021-09-30T14:31:16.116216,,3,1060,,,,52,,Felsenstrasse 78,St. Gallen,9000
3001348433,23029.03.420030,rent,2021-09-30T14:31:16.152966,,2,1660,210,1450,,92,1976,Sonnrainweg 8,St. Gallen,9008
3001077672,23036.01.410020,rent,2021-09-30T14:31:16.176711,,1,1270,,,,94,,Langgasse 163,St. Gallen,9008
3001095694,7331.01.0014,rent,2021-09-30T14:31:16.206871,,3,1320,,,,88,1972,Langgasse 108/110,St. Gallen,9008
3000826878,10296.1.1001.1,rent,2021-09-30T14:31:16.220489,,GF,1010,,,,,,Andreasstr. 2,St. Gallen,9000
3001313674,51811.02.0202,rent,2021-09-30T14:31:16.246498,,2,1350,,,,100,1998,Espentobelstrasse 5a,St. Gallen,9008
3001025743,128,rent,2021-09-30T14:31:16.269270,,1,1070,,,,85,,Vonwilstrasse 16,St. Gallen,9000
3000861228,23030.02.410010,rent,2021-09-30T14:31:16.280965,,1,1540,190,1350,,84,1976,Sonnrainweg 12,St. Gallen,9008
3000830705,23029.02.410010,rent,2021-09-30T14:31:16.333800,,1,1540,190,1350,,84,1976,Sonnrainweg 6,St. Gallen,9008
3001303122,196701.02.00111,rent,2021-09-30T14:31:16.405237,,1,1100,,,,,1920,Treuackerstr. 15,St. Gallen,9000
3000879659,2050117.01.000008,rent,2021-09-30T14:31:16.444121,,6,1070,,,,50,,Gebäude Wassergasse 22,St. Gallen,9000
3000884589,2050118.02.000020,rent,2021-09-30T14:31:16.456701,,4,1070,,,,54,,Gebäude Gartenstrasse 15,St. Gallen,9000
3001364396,100005.884000.41d1a78b-1ae7-11ec-8c59-005056bdbc06,rent,2021-09-30T14:31:16.512950,,2,1110,,,,60,,Steingrüeblistrasse 44,St. Gallen,9000
3001385761,20005.3.3011,rent,2021-09-30T14:31:16.526686,,1,1098,,,,60,2014,Andreasstrasse 11,St. Gallen,9000
3001364371,010001.883996.738dd6d5-1ae5-11ec-8c59-005056bdbc06,rent,2021-09-30T14:31:16.579987,,GF,1100,,,,60,,Steingrüeblistrasse 44,St. Gallen,9000
3001251507,1071.189.1304.864701.8c8a8e93-f5f3-11eb-8985-005056bdbc06,rent,2021-09-30T14:31:16.610143,,3,1150,,,,56,,Rorschacherstrasse 216,St. Gallen,9000
3001240014,5670.01.0401,rent,2021-09-30T14:31:16.858935,,4,1050,,,,65,1850,Kreuzbleichestrasse 8,St. Gallen,9000
3000827438,ZX35DG9000,rent,2021-09-30T14:31:16.915156,,,1080,,,,,,Teufenerstrasse 88,St. Gallen,9000
3001345530,1629.01.0006,rent,2021-09-30T14:31:16.929322,,2,1110,,,,48,1900,Brühlgasse 50,St. Gallen,9000
3001328643,37011.01.440020,rent,2021-09-30T14:31:16.956263,,4,1050,,,,67,1920,Badstrasse 8,St. Gallen,9000
3001149213,A97F43Z_2XC5N4H,rent,2021-09-30T14:31:16.971890,,3,1050,,,,35,,St. Georgen Strasse 20,St. Gallen,9000
3001336193,210909_L4_2.5_2021.795316.00fa2d2a-7688-11eb-9a3b-005056bdbc06,rent,2021-09-30T14:31:17.007609,,2,1100,,,,53,,Langweidstrasse 4,St. Gallen,9000
3000968320,07930.01.0010,rent,2021-09-30T14:31:17.020801,,4,1250,220,1030,,68,1956,Wiesentalstr. 12,St. Gallen,9000
3001277110,1071.189.1402.868677.4787d2f2-ff32-11eb-bf79-005056bdbc06,rent,2021-09-30T14:31:17.047795,,4,1100,,,,55,,Rorschacherstrasse 216,St. Gallen,9000
3001154061,OBSTSG,rent,2021-09-30T14:31:17.068193,,3,1000,,,,,,Oberstrasse 40,St. Gallen,9000
3001136362,3587.goldinger.SM408.1108_1,rent,2021-09-30T14:31:17.089060,,2,1030,,,,,,Fähnernstrasse 3,St. Gallen,9000
3001322916,5710.02.1003,rent,2021-09-30T14:31:17.101245,,1,1050,,,,73,1966,Grütlistr. 31,St. Gallen,9000
3000946773,05902.01.0005,rent,2021-09-30T14:31:17.166966,,2,1540,280,1260,,85,1959,Langgasse 92,St. Gallen,9008
3000929497,3015532,rent,2021-09-30T14:31:17.184016,,3,1080,,,,80,,Eisengasse 3,St. Gallen,9000
3001279201,12103.02.10204,rent,2021-09-30T14:31:17.257691,,2,1520,300,1220,,94,,Sonnenhaldenstrasse 10a,St. Gallen,9008
3001317841,23035.02.430010,rent,2021-09-30T14:31:17.273285,,3,1270,,,,72,,Iddastrasse 30a,St. Gallen,9008
3001321210,1696.01.0301,rent,2021-09-30T14:31:17.296256,,3,1290,,,,77,1953,Langgasse 36,St. Gallen,9008
3001367439,5761.goldinger.SM92.4102,rent,2021-09-30T14:31:17.313610,,1,1240,,,,83,,Iddastrasse 52,St. Gallen,9008
3001323597,47232564,rent,2021-09-30T14:31:17.349991,,,640,,,,,,Achslenstrasse 5,St. Gallen,9016
3001134003,2380.1.10150,rent,2021-09-30T14:31:17.366434,,2,1293,,,,82,,Iddastr. 19,St. Gallen,9008
3000998009,TG2199.TG2199.TG2199,rent,2021-09-30T14:31:17.453590,,3,1080,,,,66,,Teufenerstrasse 41,St. Gallen,9000
3001271253,Lukasstrasse 41 - 4.5 Zi-Wg 1. OG West 1,rent,2021-09-30T14:31:17.495969,,1,1840,,,,110,2012,Lukasstrasse 41,St. Gallen,9016
3001142713,1505.03.0202,rent,2021-09-30T14:31:17.512193,,2,1430,,,,111,1986,Grünaustrasse 30,St. Gallen,9016
3001111355,5419.07.0075,rent,2021-09-30T14:31:17.527689,,2,1450,,,,100,1979,Zilweg 7,St. Gallen,9016
3001385379,5181.09.0201,rent,2021-09-30T14:31:17.559761,,2,1919,259,1660,,114,2009,Vogelherdstr. 17,St. Gallen,9016
3001318062,02947.02.2201,rent,2021-09-30T14:31:17.586604,,2,1520,,,,88,2017,Favrestrasse 19,St. Gallen,9016
3001042251,1212.01.0301,rent,2021-09-30T14:31:17.605593,,3,1490,,,,102,1970,Achslenstr. 5,St. Gallen,9016
3001340281,42201.02.10305,rent,2021-09-30T14:31:17.715410,,3,1160,,,,75,,Zürcherstrasse 57,St. Gallen,9000
3001336208,210909_2 Zi Whg._2041.867469.d2609d3e-fc08-11eb-8985-005056bdbc06,rent,2021-09-30T14:31:17.736515,,4,1300,150,1150,,45,,Langweidstrasse 8,St. Gallen,9000
3001145712,CALOST2.CALOST2.CALOST2,rent,2021-09-30T14:31:17.769393,,1,1300,100,1200,,70,,Oststr. 7,St. Gallen,9000
3001347559,189.1.35im3oGG,rent,2021-09-30T14:31:17.784327,,3,1200,,,,65,,Brauerstrasse 1,St. Gallen,9000
3001377733,SM1034.6203.887337.012d6523-1f73-11ec-842e-005056bdbc06,rent,2021-09-30T14:31:17.802348,,3,1100,,,,63,,Brühlgasse 28,St. Gallen,9000
3001350437,07930.02.0024,rent,2021-09-30T14:31:17.832871,,3,1300,220,1080,,69,1956,Wiesentalstr. 14,St. Gallen,9000
3001197625,2850.4011,rent,2021-09-30T14:31:17.850785,,1,1000,,,,,1910,Glaserstrasse 3,St. Gallen,9000
3001383681,Bedastrasse.11.9,rent,2021-09-30T14:31:17.903543,,2,1140,,,,70,,Bedastrasse 11,St. Gallen,9000
3001320785,07009.05.5032,rent,2021-09-30T14:31:17.987172,,3,1110,,,,80,,Speicherstr. 29,St. Gallen,9000
3001206690,3221630,rent,2021-09-30T14:31:18.009410,,1,1170,,,,64,,Treuackerstrasse 25,St. Gallen,9000
3001067269,54805.01.0103,rent,2021-09-30T14:31:18.023086,,1,1290,240,1050,,75,1959,Teufenerstrasse 128,St. Gallen,9000
3001114753,54632.01.0301,rent,2021-09-30T14:31:18.042542,,3,940,,,,,1919,Speicherstr. 16,St. Gallen,9000
3001369684,31.70.827770.6f540b39-acd2-11eb-820b-005056bdbc06,rent,2021-09-30T14:31:18.059667,,2,1070,,,,75,,Torstrasse 20,St. Gallen,9000
3000875562,10087.1.1011,rent,2021-09-30T14:31:18.082656,,1,1060,,,,72,,Teufenerstrasse 117,St. Gallen,9000
3001364411,010007.884002.7ff4f53a-1ae7-11ec-8c59-005056bdbc06,rent,2021-09-30T14:31:18.107355,,3,1130,,,,60,,Steingrüeblistrasse 44,St. Gallen,9000
3001318294,3644.01.0201,rent,2021-09-30T14:31:18.151835,,2,1290,180,1110,,75,1919,Linsebühlstrasse 12,St. Gallen,9000
3001298561,2168435.872212.abf75476-05bf-11ec-bf79-005056bdbc06,rent,2021-09-30T14:31:18.219447,,3,1070,,,,,1900,Ilgenstrasse 15,St. Gallen,9000
3001302822,158105.01.00602,rent,2021-09-30T14:31:18.242168,,6,1470,,,,123,1980,Reherstr. 19,St. Gallen,9016
3001215110,632.uze.4100-2033,rent,2021-09-30T14:31:18.263895,,3,1100,,,,63,,Teufenerstrasse 95,St. Gallen,9000
3001314025,874425.08a807b7-0a88-11ec-8c59-005056bdbc06,rent,2021-09-30T14:31:18.304802,,1,1135,,,,,,Flurhofstrasse 28,St. Gallen,9000
3001304110,8903.04.0023,rent,2021-09-30T14:31:18.355009,,2,1050,,,,73,1984,Linsebühlstrasse 103,St. Gallen,9000
3001354885,20120.2.2032,rent,2021-09-30T14:31:18.413270,,3,1738,250,1488,,91,1981,Tablatstrasse 10a,St. Gallen,9016
3001222337,00761.01.0009,rent,2021-09-30T14:31:18.484888,,3,1355,225,1130,,65,1962,Oberstrasse 201,St. Gallen,9000
3001384887,189-3.uze.4100-3021,rent,2021-09-30T14:31:18.536295,,2,1150,,,,70,,Teufenerstrasse 95 a,St. Gallen,9000
3001319741,55403.01.0401,rent,2021-09-30T14:31:18.559538,,4,1350,170,1180,,73,1919,Wildeggstr. 7,St. Gallen,9000
3001328029,1012.092021.816032.e13a2a6a-986a-11eb-968e-005056bdbc06,rent,2021-09-30T14:31:18.585097,,1,1180,,,,,,Steingrüeblistrasse 39,St. Gallen,9000
3001102989,U32,rent,2021-09-30T14:31:18.599754,,5,1180,,,,55,,Büchelstrasse 4,St. Gallen,9000
3001340282,42201.01.10102,rent,2021-09-30T14:31:18.647694,,1,1160,,,,71,,Zürcherstrasse 55,St. Gallen,9000
3001198168,249.ecoreal.62600-10400,rent,2021-09-30T14:31:18.688223,,4,1100,,,,87,,Langgasse 41,St. Gallen,9000
3001380399,888157.0b1c387c-2040-11ec-842e-005056bdbc06,rent,2021-09-30T14:31:18.761049,,2,1100,,,,67,,Rosenbergweg 21,St. Gallen,9000
3001300116,1ed12ff9-05bb-11ec-bf79-005056bdbc06,rent,2021-09-30T14:31:18.777048,,2,1180,,,,,,Helvetiastrasse 35,St. Gallen,9000
3001364273,164,rent,2021-09-30T14:31:18.818030,,3,1350,,,,,,Zürcher Strasse 70,St. Gallen,9000
3001207526,1740.4032,rent,2021-09-30T14:31:18.834816,,3,1100,,,,70,1950,Burgstrasse 85,St. Gallen,9000
3001208238,857416.7c88e564-e58a-11eb-9c8e-005056bdbc06,rent,2021-09-30T14:31:18.887184,,2,1200,,,,,,Waldaustrasse 17,St. Gallen,9000
3000994095,44031.01.410030,rent,2021-09-30T14:31:18.899189,,1,1100,,,,,,Oberstrasse 87,St. Gallen,9000
3001127150,160...843103.116d595f-c9ec-11eb-8a82-005056bdbc06,rent,2021-09-30T14:31:18.993615,,3,1200,,,,,,Ruhbergstrasse 50,St. Gallen,9000
3001315315,874726.085bb4e6-0b0e-11ec-8c59-005056bdbc06,rent,2021-09-30T14:31:19.007289,,5,1340,220,1120,,75,,Feldbachstrasse 7,St. Gallen,9000
3001004255,4544.01.0401,rent,2021-09-30T14:31:19.029434,,4,1125,,,,75,,Poststrasse 16,St. Gallen,9000
3001333332,1032.092021.868597.58141a82-ff26-11eb-bf79-005056bdbc06,rent,2021-09-30T14:31:19.045435,,3,2190,280,1910,,121,2016,Fürstenlandstrasse 135,St. Gallen,9014
3001300461,5497.01.0301,rent,2021-09-30T14:31:19.062237,,3,1150,,,,55,1500,Brühlgasse 30,St. Gallen,9000
3001337227,6811.07.0302,rent,2021-09-30T14:31:19.084197,,3,1680,,,,112,2020,Hechtackerstrasse 12f,St. Gallen,9014
3001177658,12105.05.10208,rent,2021-09-30T14:31:19.516410,,2,1750,,,,99,,Ullmannstrasse 27,St. Gallen,9014
3001134382,06843.04.0408,rent,2021-09-30T14:31:19.566015,,3,2200,,,,161,2005,Heimstr. 8a,St. Gallen,9014
3001237758,54807.01.0101,rent,2021-09-30T14:31:19.600175,,1,1390,200,1190,,75,1919,Tschudistr. 15,St. Gallen,9000
3000166218,21301.01.420030,rent,2021-09-30T14:31:19.627698,,2,1150,,,,87,,Lindenstrasse 76,St. Gallen,9000
3000904455,54633.01.0001,rent,2021-09-30T14:31:19.668558,,GF,1140,,,,86,1920,St. Georgenstr. 68,St. Gallen,9000
3001333307,2001.092021.845801.c7a9513c-cf3d-11eb-92cc-005056bdbc06,rent,2021-09-30T14:31:19.691775,,GF,1170,,,,,,Stückelbergstrasse 3,St. Gallen,9000
3001259208,114bv,rent,2021-09-30T14:31:19.726499,,GF,1390,,,,,,BRUGGWIESENWEG 20B,St. Gallen,9000
3001309010,33,rent,2021-09-30T14:31:19.824130,,2,1390,200,1190,,82,,Lindenstr. 33,St. Gallen,9000
3001237759,53002.01.0301,rent,2021-09-30T14:31:19.884254,,3,1170,,,,80,1908,Krontalstr. 13,St. Gallen,9000
3001121655,3180888,rent,2021-09-30T14:31:20.054166,,1,1200,,,,76,,Speicherstrasse 18,St. Gallen,9000
3001206762,1071.189.1104.857170.7f0c4935-e55d-11eb-9c8e-005056bdbc06,rent,2021-09-30T14:31:20.079076,,1,1230,,,,56,,Rorschacherstrasse 216,St. Gallen,9000
3001222348,00761.03.0004,rent,2021-09-30T14:31:20.107141,,1,1375,245,1130,,65,1962,Oberstrasse 205,St. Gallen,9000
3001372771,"3,5-Zi.-DWG, St. Gallen.886077.98a126a2-1d41-11ec-842e-005056bdbc06",rent,2021-09-30T14:31:20.126594,,3,1200,,,,82,,Treuackerstrasse 34,St. Gallen,9000
3001347558,189.1.45im2OGg,rent,2021-09-30T14:31:20.276239,,2,1290,,,,80,,Brauerstrasse 1,St. Gallen,9000
3001100107,(6063450),rent,2021-09-30T14:31:20.401102,,4,1150,,,,98,,Glaserstrasse 3A,St. Gallen,9000
3001030847,3124412,rent,2021-09-30T14:31:20.424312,,GF,1380,280,1100,,90,1953,Burgstrasse 64,St. Gallen,9000
3001303121,196704.01.00221,rent,2021-09-30T14:31:20.459199,,2,1200,,,,,1920,Treuackerstr. 33,St. Gallen,9000
3000275851,F62,rent,2021-09-30T14:31:20.575711,,2,1180,,,,,1900,Falkensteinstrasse 62,St. Gallen,9000
3000976414,148101.01.00103,rent,2021-09-30T14:31:20.596288,,1,1150,,,,77,1958,St. Georgen-Str. 39,St. Gallen,9000
3000943788,10033.1.1041,rent,2021-09-30T14:31:20.619085,,4,1370,140,1230,,69,1924,Buchentalstrasse 5,St. Gallen,9000
3001282886,SM900.869729.f4ae51ea-00c9-11ec-bf79-005056bdbc06,rent,2021-09-30T14:31:20.667430,,2,1172,,,,,,Ulmenstrasse 3,St. Gallen,9000
3001124068,175.uze.4140-1004,rent,2021-09-30T14:31:20.687744,,GF,1650,,,,96,2016,Fürstenlandstrasse 179,St. Gallen,9014
3001379324,12105.03.10104,rent,2021-09-30T14:31:20.710626,,1,1700,,,,98,,Ullmannstrasse 23b,St. Gallen,9014
3001304976,..217147.873126.09acb81c-073b-11ec-8c59-005056bdbc06,rent,2021-09-30T14:31:20.730230,,,1370,220,1150,,85,1968,Ruhsitzstrasse 29,St. Gallen,9000
3001052087,4444,rent,2021-09-30T14:31:20.776479,,4,1600,,,,118,,Stockbergstrasse 4,St. Gallen,9014
3000873750,148101.01.00102,rent,2021-09-30T14:31:20.918662,,1,1150,,,,77,1958,St. Georgen-Str. 39,St. Gallen,9000
3001274608,1C91,rent,2021-09-30T14:31:20.947003,,1,1530,,,,92,2012,Zweibruggenmühlestrasse 7,St. Gallen,9014
3000999080,3068710,rent,2021-09-30T14:31:21.012161,,2,1500,,,,90,,Bernhardswiesstrasse 9,St. Gallen,9014
3001366824,"SG-Teufenerstrasse 12, 3.5 ZWG - 002.884589.14b8aad5-1b88-11ec-8c59-005056bdbc06",rent,2021-09-30T14:31:21.096041,,4,1210,,,,,,Teufenerstrasse 12,St. Gallen,9000
3001361663,27511.02.0201,rent,2021-09-30T14:31:21.118049,,2,1220,,,,62,2022,Ahornstrasse 23a,St. Gallen,9000
3001348597,880431.92e0af9f-1598-11ec-8c59-005056bdbc06,rent,2021-09-30T14:31:21.138512,,2,1210,,,,,,Schmiedgasse 16,St. Gallen,9000
3001319171,5566.2007,rent,2021-09-30T14:31:21.160205,,2,1200,,,,56,,Wildeggstrasse 16,St. Gallen,9000
3001329045,6811.02.0202,rent,2021-09-30T14:31:21.252842,,2,1450,,,,88,2020,Hechtackerstrasse 12a,St. Gallen,9014
3001187271,137.1.1201,rent,2021-09-30T14:31:21.341292,,2,1410,140,1270,,64,1920,Rorschacherstrasse 207,St. Gallen,9000
3001286025,132501.05.00201,rent,2021-09-30T14:31:21.356059,,2,1120,,,,78,1965,Flurhofstr. 153,St. Gallen,9000
3000946809,07006.01.1301,rent,2021-09-30T14:31:21.408852,,3,1400,250,1150,,80,1920,Feldbachstrasse 10,St. Gallen,9000
3001366539,132501.03.00201,rent,2021-09-30T14:31:21.430296,,2,1120,,,,78,1965,Flurhofstr. 149,St. Gallen,9000
3001328642,37011.01.440010,rent,2021-09-30T14:31:21.443839,,4,1200,,,,75,1920,Badstrasse 8,St. Gallen,9000
3001277119,1071.189.1401.868678.8a7a179c-ff32-11eb-bf79-005056bdbc06,rent,2021-09-30T14:31:21.456094,,4,1250,,,,63,,Rorschacherstrasse 216,St. Gallen,9000
3001126448,16185.01.0201,rent,2021-09-30T14:31:21.486477,,2,1260,,,,,,Linsebühlstrasse 51,St. Gallen,9000
3001333291,1033.092021.848779.910cc64c-d4b8-11eb-92cc-005056bdbc06,rent,2021-09-30T14:31:21.498118,,3,1190,,,,70,,Helvetiastrasse 51,St. Gallen,9000
3000837488,6065.3551,rent,2021-09-30T14:31:21.519203,,5,1150,,,,61,,Rosenbergstrasse 68 (BK),St. Gallen,9000
3001145410,00761.03.0008,rent,2021-09-30T14:31:21.607089,,2,1390,260,1130,,65,1962,Oberstrasse 205,St. Gallen,9000
3001344688,"SG-Speicherstrasse 19, 2.5-ZWG EG rechts - 2002.879649.9ef1d718-1477-11ec-8c59-005056bdbc06",rent,2021-09-30T14:31:21.642657,,GF,790,,,,,,Speicherstrasse 19,St. Gallen,9000
3001350623,01706.01.0002,rent,2021-09-30T14:31:21.669356,,GF,780,,,,54,1950,Volksbadstrasse 8,St. Gallen,9000
3001167694,52011.01.0301,rent,2021-09-30T14:31:21.691054,,3,1190,,,,81,1902,Färberstrasse 6,St. Gallen,9000
3001118905,3179143,rent,2021-09-30T14:31:21.703628,,3,1190,,,,80,,Teufenerstrasse 55,St. Gallen,9000
3001117101,07006.01.1201,rent,2021-09-30T14:31:21.724198,,2,1390,250,1140,,80,1920,Feldbachstrasse 10,St. Gallen,9000
3001065126,831003.a7533e3c-b260-11eb-820b-005056bdbc06,rent,2021-09-30T14:31:21.735926,,2,1130,,,,67,,Rosenbergweg 21,St. Gallen,9000
3001305224,16482.01.0102,rent,2021-09-30T14:31:21.759469,,1,1230,,,,70,1966,Hafnerstrasse 8,St. Gallen,9000
3001347473,158.88.25im1OG,rent,2021-09-30T14:31:21.843923,,1,760,,,,,,Teufenerstr. 88,St. Gallen,9000
3001206092,A9JEV3F_224LV53,rent,2021-09-30T14:31:21.861808,,,849,,,,,,Spisergasse 43,St. Gallen,9000
3001183466,55003.01.0302,rent,2021-09-30T14:31:21.889922,,3,760,,,,60,1912,Unterstr. 53,St. Gallen,9000
3001365281,53804.02.0402,rent,2021-09-30T14:31:21.929889,,5,890,140,750,,45,1962,Berneggstr. 52,St. Gallen,9000
3001380606,888202.5160b3bc-2053-11ec-842e-005056bdbc06,rent,2021-09-30T14:31:21.945646,,1,785,,,,42,,Burgstrasse 19,St. Gallen,9000
3001277024,1020.181.1103.868616.a302c171-ff2c-11eb-bf79-005056bdbc06,rent,2021-09-30T14:31:21.956841,,1,1210,,,,70,,Unterer Graben 39,St. Gallen,9000
3001281709,53804.03.0101,rent,2021-09-30T14:31:21.971209,,2,890,140,750,,50,1962,Berneggstr. 54,St. Gallen,9000
3001347472,158.88.25im1oGSL,rent,2021-09-30T14:31:21.987853,,1,760,,,,,,Teufenerstr. 88,St. Gallen,9000
3001319742,55408.01.0401,rent,2021-09-30T14:31:22.121751,,4,1490,190,1300,,75,1911,Waldaustrasse 2,St. Gallen,9000
3001234640,16841.01.0302,rent,2021-09-30T14:31:22.182994,,3,1250,,,,,1990,Felsenstrasse 88,St. Gallen,9000
3001318375,08058.01.0109,rent,2021-09-30T14:31:22.206282,,4,1490,180,1310,,82,1920,Brühlbleichestrasse 10,St. Gallen,9000
3001284020,A8366,rent,2021-09-30T14:31:22.217501,,,1280,,,,55,,Bürglistrasse 2,St. Gallen,9000
3001348495,3341845 (3341845).880428.da7d59b1-158e-11ec-8c59-005056bdbc06,rent,2021-09-30T14:31:22.233994,,2,1180,,,,88,,Rosenbergweg 21,St. Gallen,9000
3001065041,830963.a51670d4-b258-11eb-820b-005056bdbc06,rent,2021-09-30T14:31:22.273569,,4,1340,,,,,,Neugasse 20,St. Gallen,9000
3001312835,3268169,rent,2021-09-30T14:31:22.476316,,3,1480,250,1230,,75,1901,Kamorstrasse 14,St. Gallen,9000
3001311839,"Teufenerstrasse 58, 3.5 ZWG 1.OG - 1011.874048.744f5164-0a2e-11ec-8c59-005056bdbc06",rent,2021-09-30T14:31:22.498822,,1,1465,275,1190,,100,,Teufenerstrasse 58,St. Gallen,9000
3001216894,5ygng.kmrbq,rent,2021-09-30T14:31:22.531178,,2,1460,220,1240,,97,,Vonwilstrasse 25,St. Gallen,9000
3001187230,10018.82.1001,rent,2021-09-30T14:31:22.546490,,GF,1450,250,1200,,73,1945,Zürcherstrasse 82,St. Gallen,9000
3001333292,1031.09.2021.864637.9cdc656f-f5da-11eb-8985-005056bdbc06,rent,2021-09-30T14:31:22.559322,,3,1200,,,,,,Stückelbergstrasse 1,St. Gallen,9000
3000922116,verwaltung,rent,2021-09-30T14:31:22.572391,,4,1454,194,1260,,85,1968,Dianastrasse 10,St. Gallen,9000
3001380381,888151.59455224-203f-11ec-842e-005056bdbc06,rent,2021-09-30T14:31:22.585657,,2,1215,,,,78,,Rosenbergweg 21,St. Gallen,9000
3001321576,1031.092021.758202.77bc7ac9-3539-11eb-b716-005056bdbc06,rent,2021-09-30T14:31:22.693469,,3,1250,,,,,,Steingrüeblistrasse 39,St. Gallen,9000
3001384010,53211.01.0101,rent,2021-09-30T14:31:22.755991,,1,1120,,,,,1919,Lustgartenstr. 12,St. Gallen,9000
3001306042,159,rent,2021-09-30T14:31:22.776173,,GF,1200,,,,80,,Ruhbergstrasse 63,St. Gallen,9000
3000924363,10254.1.1004.1,rent,2021-09-30T14:31:22.789518,,1,790,,,,60,,Brauerstrasse 5,St. Gallen,9000
3001281712,53804.02.0203,rent,2021-09-30T14:31:22.821848,,3,890,140,750,,50,1962,Berneggstr. 52,St. Gallen,9000
3000538335,44031.01.430030,rent,2021-09-30T14:31:22.844236,,3,1330,,,,90,,Oberstrasse 87,St. Gallen,9000
3001265958,54613.01.0501,rent,2021-09-30T14:31:22.855878,,5,660,,,,70,1919,Sägegässli 20,St. Gallen,9000
3001236200,175.1.1051a,rent,2021-09-30T14:31:22.978792,,5,1290,,,,120,,Geltenwilenstrasse 23,St. Gallen,9000
3001336196,210909_4.5 Zi Whg._2022.829009.7bfc3fe4-ae70-11eb-820b-005056bdbc06,rent,2021-09-30T14:31:22.997612,,2,1370,,,,90,,Teufenerstrasse 182a,St. Gallen,9000
3001371506,jyu4m.tw9ur,rent,2021-09-30T14:31:23.044773,,1,1340,,,,101,,Burgstrasse 31,St. Gallen,9000
3001315867,6585.03.0303,rent,2021-09-30T14:31:23.056795,,3,1440,,,,100,2015,Frongartenstrasse 4,St. Gallen,9000
3001350433,07009.05.5012,rent,2021-09-30T14:31:23.094635,,1,1300,,,,83,,Speicherstr. 29,St. Gallen,9000
3001259571,1401.4ZWG,rent,2021-09-30T14:31:23.183062,,4,1320,,,,,,Flurhofstrasse 16,St. Gallen,9000
3000251780,hgoe3023792,rent,2021-09-30T14:31:23.198725,,2,1390,,,,80,,Feldlistrasse 11,St. Gallen,9000
3001187072,vv3gm.6g1tf,rent,2021-09-30T14:31:23.219007,,1,1290,,,,100,,Ilgenstrasse 50,St. Gallen,9000
3001377914,3644.02.0201,rent,2021-09-30T14:31:23.264717,,2,1530,230,1300,,90,1919,Linsebühlstrasse 14,St. Gallen,9000
3001158513,2885.4511,rent,2021-09-30T14:31:23.278202,,1,1290,,,,85,1982,Grütlistrasse 6,St. Gallen,9000
3001284019,A8364,rent,2021-09-30T14:31:23.310662,,,1375,,,,70,,Bürglistrasse 2,St. Gallen,9000
3001316142,160,rent,2021-09-30T14:31:23.355547,,3,1530,180,1350,,86,1910,Landhausstrasse 4,St. Gallen,9000
3001222804,1208.01.0201,rent,2021-09-30T14:31:23.368482,,2,1520,260,1260,,89,1956,Wiesentalstr. 26,St. Gallen,9000
3001120687,07009.04.4021,rent,2021-09-30T14:31:23.426293,,2,1300,,,,83,,Speicherstr. 27,St. Gallen,9000
3001382654,165,rent,2021-09-30T14:31:23.455580,,4,1300,,,,90,,Zürcherstrasse 78,St. Gallen,9000
3001192542,1580.1542,rent,2021-09-30T14:31:23.494855,,4,740,,,,36,1920,Brunnenbergstrasse 10,St. Gallen,9000
3001369138,7yh44.vr6n4,rent,2021-09-30T14:31:23.533339,,3,1495,100,1395,,100,1911,Rorschacher Strasse 124,St. Gallen,9000
3001368116,10101.1.1032,rent,2021-09-30T14:31:23.573173,,3,1290,,,,60,,Storchenstrasse 2,St. Gallen,9008
3001302996,2832.4532,rent,2021-09-30T14:31:23.619623,,3,1410,,,,110,1900,Grenzstrasse 2,St. Gallen,9000
3001330291,3560-9.875830.6a8a4a8d-0c7b-11ec-8c59-005056bdbc06,rent,2021-09-30T14:31:23.647227,,,1430,,,,76,2022,Ahornstrasse 60,St. Gallen,9000
3001281711,54609.01.0202,rent,2021-09-30T14:31:23.678112,,2,1640,150,1490,,78,1919,Schmiedgasse 26,St. Gallen,9000
3001173881,55042.02.0401,rent,2021-09-30T14:31:23.725760,,4,1460,,,,68,,Neugasse 16,St. Gallen,9000
3001225087,10165.01.0001,rent,2021-09-30T14:31:23.802727,,GF,1400,,,,67,2006,Turnerstrasse 32,St. Gallen,9000
3001223803,2832.4552,rent,2021-09-30T14:31:23.814599,,5,1410,,,,110,1900,Grenzstrasse 2,St. Gallen,9000
3000975218,4547.01.0501,rent,2021-09-30T14:31:23.848620,,5,1400,,,,70,,Schwalbenstrasse 10,St. Gallen,9000
3001302995,7715.1052,rent,2021-09-30T14:31:23.870863,,5,1450,,,,100,,Tigerbergstrasse 2,St. Gallen,9000
3001378780,wy8he.m25n8,rent,2021-09-30T14:31:23.882442,,2,1610,,,,75,,Greifenstrasse 6,St. Gallen,9000
3001332714,01.875440.3958b82b-0bf0-11ec-8c59-005056bdbc06,rent,2021-09-30T14:31:23.925191,,,1500,,,,76,1900,Oberer Graben 8,St. Gallen,9000
3001030845,3124414,rent,2021-09-30T14:31:23.941419,,3,1610,280,1330,,100,1953,Burgstrasse 64,St. Gallen,9000
3001198951,00241.01.0010,rent,2021-09-30T14:31:23.954538,,2,1600,280,1320,,101,1957,Vonwilstrasse 51,St. Gallen,9000
3001042243,2000203.01.000010,rent,2021-09-30T14:31:23.995337,,2,1350,,,,140,,Bleichestrasse 11,St. Gallen,9000
3001382198,Axensteinstr193OG,rent,2021-09-30T14:31:24.055422,,3,1450,,,,,,Axensteinstr. 19,St. Gallen,9000
3001300521,A86871,rent,2021-09-30T14:31:24.067583,,2,1600,150,1450,,87,1906,Teufener Strasse 123,St. Gallen,9000
3001317671,03159.01.0131,rent,2021-09-30T14:31:24.100010,,3,1590,200,1390,,66,1920,Goliathgasse 37,St. Gallen,9000
3001226202,03159.01.0121,rent,2021-09-30T14:31:24.133239,,2,1590,200,1390,,66,1920,Goliathgasse 37,St. Gallen,9000
3001251045,SG-Müller-Friedbergstrasse 11.864611.d81f81f8-f5cc-11eb-8985-005056bdbc06,rent,2021-09-30T14:31:24.152239,,GF,1390,,,,,,Müller-Friedberg-Strasse 11,St. Gallen,9000
3001189594,3214290,rent,2021-09-30T14:31:24.164338,,2,1360,,,,88,,Hagenbuchstrasse 10,St. Gallen,9000
3001296351,54625.01.0201,rent,2021-09-30T14:31:24.179691,,2,1390,,,,80,,Spisergasse 29,St. Gallen,9000
3001367477,4188.02.0006,rent,2021-09-30T14:31:24.193462,,2,1440,160,1280,,64,1920,Lukasstrasse 2,St. Gallen,9008
3001370626,1057.01.130001,rent,2021-09-30T14:31:24.247809,,,1390,,,,110,,Wildeggstrasse 19,St. Gallen,9000
3000494951,51211.01.0201,rent,2021-09-30T14:31:24.259142,,2,1440,340,1100,,97,1964,Bruggwaldstr. 1,St. Gallen,9008
3001214688,999940.02.00102,rent,2021-09-30T14:31:24.326924,,1,1530,,,,82,2009,Waldaustr. 8,St. Gallen,9000
3001076521,4992.1011,rent,2021-09-30T14:31:24.346664,,1,1450,,,,,,Rorschacherstrasse 165,St. Gallen,9000
3001237765,12205.01.10300,rent,2021-09-30T14:31:24.380092,,3,1500,,,,114,,Rorschacherstrasse 123,St. Gallen,9000
3001145344,04104.01.0001,rent,2021-09-30T14:31:24.401683,,GF,1500,,,,100,,Röschstrasse 11,St. Gallen,9000
108761792,hgok2876852,rent,2021-09-30T14:31:24.416359,,4,1745,200,1545,,100,1900,Berneggstrasse 28,St. Gallen,9000
3001384888,211-2.uze.4100-2024,rent,2021-09-30T14:31:24.456033,,2,1470,,,,90,,Teufenerstrasse 95,St. Gallen,9000
3001237750,1030.01.100001,rent,2021-09-30T14:31:24.467030,,GF,1500,,,,98,,Gottfried-Keller-Strasse 12,St. Gallen,9000
3001252609,54648.01.0201,rent,2021-09-30T14:31:24.767382,,2,1470,,,,,,Scheibenackerstrasse 9,St. Gallen,9000
3001365923,1076.1005.884456.4f4a1c55-1b68-11ec-8c59-005056bdbc06,rent,2021-09-30T14:31:24.783666,,3,1680,180,1500,,,,Torstrasse 11,St. Gallen,9000
3001280772,174.uze.4100-1032,rent,2021-09-30T14:31:24.810756,,3,1420,,,,,,Teufenerstrasse 93,St. Gallen,9000
3001317298,4700.1031-04,rent,2021-09-30T14:31:24.831234,,3,1420,,,,90,,Rehburgstrasse 1,St. Gallen,9000
3001317299,4700.2032-04,rent,2021-09-30T14:31:24.971545,,3,1390,,,,,,Rorschacherstrasse 164,St. Gallen,9000
3001382190,Axensteinstrasse192OG,rent,2021-09-30T14:31:24.994755,,,1500,,,,,,Axensteinstr. 19,St. Gallen,9000
3001373919,886583.6b79274b-1d09-11ec-842e-005056bdbc06,rent,2021-09-30T14:31:25.016022,,2,1400,,,,115,,Kreuzbleichestrasse 7,St. Gallen,9000
3001372173,rr8ed.2mkaw,rent,2021-09-30T14:31:25.031642,,2,1660,210,1450,,84,1924,Falkensteinstrasse 72,St. Gallen,9000
3001262720,4bs5d.os1e3,rent,2021-09-30T14:31:25.059162,,1,1650,250,1400,,104,1894,Wildeggstrasse 25,St. Gallen,9000
3001324401,876178.669e196f-0db5-11ec-8c59-005056bdbc06,rent,2021-09-30T14:31:25.079650,,,1400,,,,,,St. Georgenstrasse 36,St. Gallen,9000
3001046542,011466_2,rent,2021-09-30T14:31:25.272052,,,1650,,,,122,1920,Teufenerstrasse 170,St. Gallen,9000
3001109031,1310.03.3032,rent,2021-09-30T14:31:25.301280,,3,1445,,,,82,2010,Zürcherstrasse 84,St. Gallen,9000
3001330772,5724-1.goldinger.SM302.1108,rent,2021-09-30T14:31:25.329440,,2,1230,,,,82,,Buchwaldstrasse 2,St. Gallen,9008
3001350438,08069.01.1102,rent,2021-09-30T14:31:25.432279,,1,1240,,,,86,1920,Iddastrasse 22,St. Gallen,9008
3000688515,23037.02.410020,rent,2021-09-30T14:31:25.464425,,1,1200,,,,77,,Langgasse 155,St. Gallen,9008
3001353275,5171.02.0003,rent,2021-09-30T14:31:25.491125,,GF,1422,222,1200,,86,2012,Langgasse 6,St. Gallen,9008
3001321685,5676-1.goldinger.SM302.1111,rent,2021-09-30T14:31:25.588200,,3,1170,,,,76,,Buchwaldstrasse 2,St. Gallen,9008
3001175366,4/19/3504.834380.8f14059d-b969-11eb-820b-005056bdbc06,rent,2021-09-30T14:31:25.682449,,1,1370,190,1180,,65,,Sonnenhaldenstrasse 19,St. Gallen,9008
3001315889,01059.03.0007,rent,2021-09-30T14:31:25.816122,,3,1190,,,,74,2007,Espenmoosstrasse 12,St. Gallen,9008
3001378309,8154.01.0304,rent,2021-09-30T14:31:25.840026,,3,1550,,,,90,1910,Kugelgasse 3,St. Gallen,9000
3001381315,23030.03.420020,rent,2021-09-30T14:31:25.894695,,2,1350,150,1200,,70,1976,Sonnrainweg 14,St. Gallen,9008
3001346081,23035.02.440020,rent,2021-09-30T14:31:25.958863,,4,1050,,,,62,,Iddastrasse 30a,St. Gallen,9008
3001298694,23037.01.400010,rent,2021-09-30T14:31:25.980261,,GF,1090,,,,77,,Langgasse 153,St. Gallen,9008
3000922117,Verwaltung,rent,2021-09-30T14:31:26.114334,,2,1856,236,1620,,109,1968,St. Jakobstrasse 87,St. Gallen,9000
3001093133,3645.02.0101,rent,2021-09-30T14:31:26.136691,,1,1650,,,,68,1879,Spisergasse 27,St. Gallen,9000
3001145546,00913.01.0007,rent,2021-09-30T14:31:26.155246,,1,1870,310,1560,,111,1984,Stahlstrasse 9,St. Gallen,9000
3001309799,7,rent,2021-09-30T14:31:26.176845,,1,1867,260,1607,,110,,Feldlistr. 7,St. Gallen,9000
3001309907,"SG-Lämmlisbrunnenstrasse 43, 4-ZWG 4.OG - 1041.873678.020646c8-097a-11ec-8c59-005056bdbc06",rent,2021-09-30T14:31:26.299199,,4,1630,,,,,,Lämmlisbrunnenstrasse 43,St. Gallen,9000
3001223462,351.7107.860013.4426e5d5-eb7b-11eb-9c8e-005056bdbc06,rent,2021-09-30T14:31:26.314577,,1,1830,350,1480,,100,1995,Grüningerweg 8,St. Gallen,9000
3001259291,8902.04.0039,rent,2021-09-30T14:31:26.333358,,3,1500,,,,107,1983,Linsebühlstrasse 99,St. Gallen,9000
3001339138,1253-2.goldinger.SM264.1204_1,rent,2021-09-30T14:31:26.374944,,1,1600,,,,85,,Langgasse 29,St. Gallen,9000
3001096690,A8705,rent,2021-09-30T14:31:26.391454,,1,1620,,,,95,,Demutstrasse 7,St. Gallen,9000
3001004749,54629.01.0301,rent,2021-09-30T14:31:26.406083,,3,1800,250,1550,,101,1911,Schneebergstrasse 32,St. Gallen,9000
3001327124,"SG-Oststrasse 20, 3.5 ZWG 3.OG - 1031.876433.6c715e60-0ee5-11ec-8c59-005056bdbc06",rent,2021-09-30T14:31:26.419618,,3,1600,,,,85,,Oststrasse 20,St. Gallen,9000
3001314024,874426.311cdd80-0a8a-11ec-8c59-005056bdbc06,rent,2021-09-30T14:31:26.534226,,2,1650,,,,,,Flurhofstrasse 30,St. Gallen,9000
3001187814,pkfey.t015w,rent,2021-09-30T14:31:26.571214,,1,1480,,,,104,,Redingstrasse 4,St. Gallen,9000
3001096691,A8706,rent,2021-09-30T14:31:26.588322,,2,1590,,,,90,,Demutstrasse 7,St. Gallen,9000
3001350682,1055.2101.880859.98c1e58d-1636-11ec-8c59-005056bdbc06,rent,2021-09-30T14:31:26.608858,,GF,1790,200,1590,,77,,Grenzstrasse 1,St. Gallen,9000
3001310526,3266801,rent,2021-09-30T14:31:26.628147,,1,1780,,,,125,,Landhausstrasse 9,St. Gallen,9000
3001279170,53209.01.0201,rent,2021-09-30T14:31:26.657999,,2,1500,,,,,1953,Leimatstr. 26,St. Gallen,9000
3001327149,1002.092021.850994.31aa3e11-d988-11eb-84f0-005056bdbc06,rent,2021-09-30T14:31:26.673762,,GF,1750,200,1550,,85,,Obere Büschenstrasse 10,St. Gallen,9000
3001027277,172901.01.00401,rent,2021-09-30T14:31:26.699038,,4,1790,380,1410,,125,1920,Stahlstr. 5,St. Gallen,9000
3001118234,08083.02.0222,rent,2021-09-30T14:31:26.735584,,2,1140,,,,77,1988,Langgasse 11,St. Gallen,9008
3001385430,2655.5021,rent,2021-09-30T14:31:26.818877,,2,1620,,,,106,,Felsenstrasse 73 (BK),St. Gallen,9000
3001158514,1275.2581,rent,2021-09-30T14:31:26.883170,,8,1270,,,,,,Achslenstrasse 15,St. Gallen,9016
3001261017,3935.3032,rent,2021-09-30T14:31:26.896937,,3,1080,,,,57,1920,Kolumbanstrasse 36,St. Gallen,9008
3001279203,12103.01.10100,rent,2021-09-30T14:31:26.920329,,1,1000,,,,57,,Sonnenhaldenstrasse 8,St. Gallen,9008
3000836173,Langgasse.89.1402,rent,2021-09-30T14:31:26.940293,,4,1090,,,,76,,Langgasse 89,St. Gallen,9008
3001313199,1505.05.0501,rent,2021-09-30T14:31:26.956593,,5,1363,270,1093,,82,1986,Rorschacherstrasse 236,St. Gallen,9016
3001383609,4kngj.ixrf2,rent,2021-09-30T14:31:27.083234,,GF,2100,,,,100,,Hintere Bahnhofstrasse 13,St. Gallen,9000
3000402506,03159.01.0132,rent,2021-09-30T14:31:27.113691,,3,2130,240,1890,,97,1920,Goliathgasse 37,St. Gallen,9000
3001198020,5420.4041,rent,2021-09-30T14:31:27.156514,,,1900,,,,125,1937,Paradiesstrasse 36 (BK),St. Gallen,9000
3001340268,53804.03.0304,rent,2021-09-30T14:31:27.174011,,4,1990,210,1780,,100,1962,Berneggstr. 54,St. Gallen,9000
3001352970,27511.03.0202,rent,2021-09-30T14:31:27.194286,,2,1750,,,,96,2022,Ahornstrasse 23b,St. Gallen,9000
3001344757,2125.03.2242,rent,2021-09-30T14:31:27.236881,,5,1880,,,,86,2013,Dreilindenhang 22,St. Gallen,9000
3001331497,949200.01.0202,rent,2021-09-30T14:31:27.260583,,2,1730,,,,102,1971,Zwinglistrasse 19,St. Gallen,9000
3001348641,880432.6aa5a093-1599-11ec-8c59-005056bdbc06,rent,2021-09-30T14:31:27.321376,,2,1990,250,1740,,,1915,Schmiedgasse 16,St. Gallen,9000
3001186889,27511.02.0202,rent,2021-09-30T14:31:27.352139,,2,1730,,,,96,2022,Ahornstrasse 23a,St. Gallen,9000
3001384753,237-2.uze.4100-3063,rent,2021-09-30T14:31:27.363389,,6,1760,,,,145,,Teufenerstrasse 95 a,St. Gallen,9000
3001193043,010401.854876.80d5e8d8-e0ad-11eb-9c8e-005056bdbc06,rent,2021-09-30T14:31:27.388053,,4,1750,,,,115,,Schmiedgasse 19,St. Gallen,9000
3001090245,900002.1.200520009,rent,2021-09-30T14:31:27.404082,,GF,1700,,,,,1954,Unterstrasse 52,St. Gallen,9000
3001142508,100012.846687.a6945624-d046-11eb-92cc-005056bdbc06,rent,2021-09-30T14:31:27.432560,,1,1764,,,,91,,Scheidwegstrasse 22a,St. Gallen,9000
3001294665,11.501.208,rent,2021-09-30T14:31:27.443809,,,1740,,,,,,Dietlistrasse 61,St. Gallen,9000
3001103790,27510.03.0101,rent,2021-09-30T14:31:27.472940,,1,1690,,,,93,2021,Ahornstrasse 21b,St. Gallen,9000
3001336192,210909_4.5 Zi Whg._L2 - 1032.820763.b79d8347-a100-11eb-bcb9-005056bdbc06,rent,2021-09-30T14:31:27.549685,,3,1780,,,,99,,Langweidstrasse 2,St. Gallen,9000
3001030848,3124413,rent,2021-09-30T14:31:27.710378,,2,1900,280,1620,,100,1953,Burgstrasse 64,St. Gallen,9000
3000777323,2883277,rent,2021-09-30T14:31:27.813476,,4,1890,220,1670,,100,1881,Rosenbergstrasse 78,St. Gallen,9000
3001309677,SM1034.6202.873728.b651c6c5-098a-11ec-8c59-005056bdbc06,rent,2021-09-30T14:31:27.826271,,1,1870,200,1670,,90,,Brühlgasse 28,St. Gallen,9000
3001336200,210909-L4-5.5 Zi Whg_2033.738826.db39930d-144c-11eb-ab2f-005056bdbc06,rent,2021-09-30T14:31:27.839307,,3,1980,,,,125,,Langweidstrasse 4,St. Gallen,9000
3001253414,Multergasse65OG,rent,2021-09-30T14:31:27.853805,,4,3360,350,3010,,150,,Multergasse 6,St. Gallen,9000
3001177098,1504.04.0003,rent,2021-09-30T14:31:27.869390,,GF,1355,225,1130,,74,1960,Burenbüchelstr. 9,St. Gallen,9016
3001348593,880430.00c3cd8d-1596-11ec-8c59-005056bdbc06,rent,2021-09-30T14:31:27.928806,,5,2950,300,2650,,,1915,Schmiedgasse 16,St. Gallen,9000
3001198085,5592-1.goldinger.SM138.1102,rent,2021-09-30T14:31:27.942451,,2,2600,,,,140,,Hinterlauben 10,St. Gallen,9000
3001346308,51218.01.0201,rent,2021-09-30T14:31:27.955494,,2,2390,,,,147,2004,Bubenbergstr. 4,St. Gallen,9000
3001149210,A97F43Z_2Z64D49,rent,2021-09-30T14:31:27.980243,,2,2100,,,,100,2020,St. Georgen Strasse 20,St. Gallen,9000
3001382682,A97F43Z_22QA45W,rent,2021-09-30T14:31:28.028273,,,2100,,,,100,2020,St Georgen Str. 20,St. Gallen,9000
3001296047,20043.05.430080,rent,2021-09-30T14:31:28.059648,,3,2100,,,,116,2007,Waisenhausstrasse 5,St. Gallen,9000
3001207296,1055.1113.857263.f73a8b26-e57c-11eb-9c8e-005056bdbc06,rent,2021-09-30T14:31:28.108215,,4,2410,200,2210,,85,,Burgstrasse 51,St. Gallen,9000
3001201708,5590.01.0010,rent,2021-09-30T14:31:28.172111,,2,2370,370,2000,,130,1964,Stauffacherstrasse 5,St. Gallen,9000
3001336213,210909_5.5 Zi Whg._2023_2033.878368.6c01e583-1129-11ec-8c59-005056bdbc06,rent,2021-09-30T14:31:28.184503,,2,2340,270,2070,,123,,Langweidstrasse 8,St. Gallen,9000
3001370380,126335.01.00222,rent,2021-09-30T14:31:28.198319,,2,1920,,,,112,2019,Rosengartenstr. 29,St. Gallen,9000
3001142255,3192757,rent,2021-09-30T14:31:28.221773,,2,1950,,,,70,,Katharinengasse 8,St. Gallen,9000
3001142256,3192758,rent,2021-09-30T14:31:28.234645,,1,1900,,,,70,,Katharinengasse 8,St. Gallen,9000
3001312841,3268220,rent,2021-09-30T14:31:28.279438,,1,1980,,,,140,,Obere Felsenstrasse 2,St. Gallen,9000
3001369615,5gpc9.sxsx2,rent,2021-09-30T14:31:28.295484,,3,1900,,,,,,Duforstrasse 43,St. Gallen,9000
3001222100,SM1034.2202.859675.7f770201-eaef-11eb-9c8e-005056bdbc06,rent,2021-09-30T14:31:28.342847,,4,1950,,,,,,Spisergasse 15,St. Gallen,9000
3000781315,Liegenschaftsverwaltung,rent,2021-09-30T14:31:28.410694,,,1964,,,,113,1968,St. Jakobstrasse 91,St. Gallen,9000
3001014618,999940.01.00409,rent,2021-09-30T14:31:28.459319,,4,1860,,,,161,2009,Isenringweg 3,St. Gallen,9000
3001336203,210909_4.5 Zi Whg._2013.843355.e09a6347-ca77-11eb-8a82-005056bdbc06,rent,2021-09-30T14:31:28.500885,,1,2190,270,1920,,123,,Langweidstrasse 8,St. Gallen,9000
3001095313,25.19.101.837336.6d92dd63-bf82-11eb-bac8-005056bdbc06,rent,2021-09-30T14:31:28.515132,,GF,1350,150,1200,,77,,Vogelherdstrasse 19,St. Gallen,9016
3001271244,A95ZL3R_22C3Y5D,rent,2021-09-30T14:31:28.541507,,GF,1150,,,,,,Martinsbruggstrasse 30,St. Gallen,9016
3001334112,8904.11.0002,rent,2021-09-30T14:31:28.592892,,GF,1345,195,1150,,73,1995,Zilweg 13,St. Gallen,9016
3001381706,5690.04.1003,rent,2021-09-30T14:31:28.621201,,1,1420,,,,80,2003,Haggenstr. 60,St. Gallen,9014
3001385396,5416.02.0081,rent,2021-09-30T14:31:28.640090,,GF,1100,,,,80,1967,Zilstrasse 36,St. Gallen,9016
3001315241,5712.goldinger.SM314.5108,rent,2021-09-30T14:31:28.710031,,2,1380,,,,71,,Ullmannstrasse 23,St. Gallen,9014
3001279899,46947344,rent,2021-09-30T14:31:28.723513,,,1350,,,,90,,Sömmerlistrasse,St. Gallen,9000
3001279168,55415.03.0103,rent,2021-09-30T14:31:28.746859,,1,1370,,,,73,2019,Haggenstr. 86,St. Gallen,9014
3001314391,47181844,rent,2021-09-30T14:31:28.834437,,,1330,,,,74,,Scheibenackerstrasse 14,St. Gallen,9000
3001359296,47501198,rent,2021-09-30T14:31:28.849833,,,1290,,,,,,Dianastrasse 15,St. Gallen,9000
3001368924,46571733,rent,2021-09-30T14:31:28.898085,,,1280,,,,,,Gossau,St. Gallen,9000
3001374139,47610288,rent,2021-09-30T14:31:28.929785,,,1200,,,,,,Zimmerstrasse 9,St. Gallen,9000
3001367011,40892661,rent,2021-09-30T14:31:28.944422,,,1200,,,,73,,Krontalstrasse 8,St. Gallen,9000
3001282418,46039422,rent,2021-09-30T14:31:28.970064,,,1200,,,,,,Zimmerstrasse 9,St. Gallen,9000
3001326801,47268733,rent,2021-09-30T14:31:28.995602,,,1065,,,,70,,Zürcherstrasse 56,St. Gallen,9000
3001329858,47289267,rent,2021-09-30T14:31:29.079017,,,890,,,,50,,Berneggstrasse 52,St. Gallen,9000
3001335398,47317607,rent,2021-09-30T14:31:29.094221,,,900,,,,110,,Wildeggstrasse 20,St. Gallen,9000
3001352236,47434633,rent,2021-09-30T14:31:29.168917,,,700,,,,,,Tannenstrasse,St. Gallen,9000
3001346955,47395363,rent,2021-09-30T14:31:29.183281,,,680,,,,,,metzgergasse,St. Gallen,9000
3001297070,47054477,rent,2021-09-30T14:31:29.221398,,,530,,,,,,Guisanstrasse,St. Gallen,9000
3001333032,46331070,rent,2021-09-30T14:31:29.253285,,,600,,,,20,,Rorschacherstrasse 198,St. Gallen,9000
3001382280,47680500,rent,2021-09-30T14:31:29.295107,,,600,,,,14,,Krontalstrasse,St. Gallen,9000
3001382271,47675799,rent,2021-09-30T14:31:29.308724,,,690,,,,25,,Löwengasse,St. Gallen,9000
3001368836,47566978,rent,2021-09-30T14:31:29.380061,,,450,,,,,,Rorschacher Strasse 123,St. Gallen,9000
3001289986,47008531,rent,2021-09-30T14:31:29.473490,,,1930,,,,140,,Rorschacherstrasse 196a,St. Gallen,9000
3001363675,809067.a0009000005qcHBAAY,rent,2021-09-30T14:31:29.515060,,2,1370,,,,80,,Bernhardswiesstrasse 11,St. Gallen,9014
3001252984,46753103,rent,2021-09-30T14:31:29.592011,,,1500,,,,50,,Haggenstrasse 9,St. Gallen,9000
3001354992,47460695,rent,2021-09-30T14:31:29.605256,,,3600,,,,40,,Rorschacherstrasse,St. Gallen,9000
3001335407,47319349,rent,2021-09-30T14:31:29.672255,,,1450,,,,65,,Paradiesstrasse 2a,St. Gallen,9000
3001289987,47008700,rent,2021-09-30T14:31:29.686261,,,1490,,,,85,,Rorschacherstrasse 206,St. Gallen,9000
3001289983,47008249,rent,2021-09-30T14:31:29.749843,,,1400,,,,80,,Fidesstrasse 12,St. Gallen,9000
3001371343,47595430,rent,2021-09-30T14:31:29.784166,,,1350,,,,90,,Sömmerlistrasse,St. Gallen,9000
3001295565,5412.13.0107,rent,2021-09-30T14:31:29.796540,,1,1500,270,1230,,75,1973,Oberstrasse 293 C,St. Gallen,9014
3001337174,10104.1.1042,rent,2021-09-30T14:31:29.808772,,4,1300,,,,61,,Rickenstrasse 4,St. Gallen,9014
3001317844,44064.01.420020,rent,2021-09-30T14:31:29.829914,,2,1200,,,,,,Lehnstrasse 98,St. Gallen,9014
3001234723,5026.03.0023,rent,2021-09-30T14:31:29.846260,,2,1310,,,,70,2006,Oberstrasse 255,St. Gallen,9014
3001285267,46979972,rent,2021-09-30T14:31:29.859235,,,1390,,,,85,,Fellenbergstrasse 68,St. Gallen,9000
3001381009,132511.01.00003,rent,2021-09-30T14:31:29.932204,,GF,1140,,,,,1960,Hinterberg 42,St. Gallen,9014
3001380667,10057.2.1023,rent,2021-09-30T14:31:30.303975,,2,1360,100,1260,,53,1930,Rickenstrasse 20,St. Gallen,9014
3001314022,2110.1.3.874424.4b073b85-0a65-11ec-8c59-005056bdbc06,rent,2021-09-30T14:31:30.386235,,1,1060,,,,,,Wolfgangstr. 71,St. Gallen,9014
3001145758,ERALANG2.ERALANG2.ERALANG2,rent,2021-09-30T14:31:30.406050,,1,1100,,,,65,,Langgasse 59c,St. Gallen,9008
3001260432,10104.1.1012,rent,2021-09-30T14:31:30.417608,,1,1190,,,,48,,Rickenstrasse 4,St. Gallen,9014
3001347881,A9UXD3S_2ZBJW4T,rent,2021-09-30T14:31:30.435431,,GF,1020,,,,60,,Farbgutstrasse 10,St. Gallen,9008
3001349993,A9UXD3S_2ZBJW4T,rent,2021-09-30T14:31:30.451168,,GF,1020,,,,60,,Farbgutstrasse 10,St. Gallen,9008
3001303637,Domänenstrasse.2.2,rent,2021-09-30T14:31:30.462270,,GF,1035,,,,68,,Domänenstrasse 2,St. Gallen,9008
3001285527,870214.80720560-018b-11ec-bf79-005056bdbc06,rent,2021-09-30T14:31:30.617357,,1,1170,190,980,,65,,Langgasse 139,St. Gallen,9008
3001330645,5741.goldinger.SM302.1109,rent,2021-09-30T14:31:30.677347,,2,1000,,,,68,,Buchwaldstrasse 2,St. Gallen,9008
3001076510,822054.5678a255-a2a0-11eb-bcb9-005056bdbc06,rent,2021-09-30T14:31:30.709211,,GF,1155,235,920,,60,,Buchwaldstrasse 1,St. Gallen,9008
3001204679,1059.01.1022,rent,2021-09-30T14:31:30.780657,,2,960,,,,1,,Spyristrasse 9,St. Gallen,9008
3001350618,01812.01.0003,rent,2021-09-30T14:31:30.821250,,2,1090,170,920,,,1964,Bruggwaldstrasse 35,St. Gallen,9008
3001264914,Domänenstrasse.2.9,rent,2021-09-30T14:31:30.843363,,4,1000,,,,75,,Domänenstrasse 2,St. Gallen,9008
3001077981,53223.01.0102,rent,2021-09-30T14:31:30.925722,,1,790,,,,,1900,Lettenstrasse 1,St. Gallen,9008
3000977089,2380.2.20100,rent,2021-09-30T14:31:30.938717,,2,850,,,,51,,Schubertweg 3,St. Gallen,9008
3001284556,54801.01.0301,rent,2021-09-30T14:31:30.952112,,3,860,,,,70,1919,Taubenstr. 4,St. Gallen,9008
3001319740,51211.03.0201,rent,2021-09-30T14:31:30.963280,,2,990,210,780,,48,1964,Bruggwaldstr. 1a,St. Gallen,9008
3001295318,871539.dc3dea6b-04da-11ec-bf79-005056bdbc06,rent,2021-09-30T14:31:31.049576,,2,1055,180,875,,50,,Langgasse 44,St. Gallen,9008
3001330265,1560-9.875829.c8958259-0c7b-11ec-8c59-005056bdbc06,rent,2021-09-30T14:31:31.062201,,,800,,,,30,2022,Ahornstrasse 60,St. Gallen,9000
3001260433,10033.1.1012,rent,2021-09-30T14:31:31.089705,,1,870,80,790,,30,1924,Buchentalstrasse 5,St. Gallen,9000
3001366187,unusbasic,rent,2021-09-30T14:31:31.102783,,,780,,,,23,2021,Brauerstrasse 21 / 23,St. Gallen,9000
3001380928,7527.03.0010,rent,2021-09-30T14:31:31.148779,,2,700,,,,42,1956,Leuenbergerstrasse 12,St. Gallen,9000
3001383633,d0nin.uu7y1,rent,2021-09-30T14:31:31.163686,,1,864,85,779,,59,1972,Zwyssigstrasse 11,St. Gallen,9000
3001384879,181.5.2ZWHP,rent,2021-09-30T14:31:31.186781,,GF,755,,,,30,,Waldaustrasse 5,St. Gallen,9000
3000372352,ZXW119000,rent,2021-09-30T14:31:31.204422,,2,840,,,,16,,Waldaustrasse 5,St. Gallen,9000
3001300342,MZi5,rent,2021-09-30T14:31:31.230639,,2,750,,,,25,,Müller-Friedbergstrasse 22,St. Gallen,9000
3001311883,874053.750dc157-0a31-11ec-8c59-005056bdbc06,rent,2021-09-30T14:31:31.254382,,4,840,120,720,,40,,Rorschacher Strasse 183,St. Gallen,9000
3001377924,6102.01.0302,rent,2021-09-30T14:31:31.389548,,3,730,,,,30,1920,Burgstrasse 80,St. Gallen,9000
3001292440,Bunnen8.10804,rent,2021-09-30T14:31:31.414274,,GF,705,,,,34,,Brunnenbergstrasse 8,St. Gallen,9000
3001323989,133702.01.00301,rent,2021-09-30T14:31:31.465170,,3,670,,,,,,Röschstr. 7,St. Gallen,9000
3001380421,989566.888165.03370b59-2042-11ec-842e-005056bdbc06,rent,2021-09-30T14:31:31.505397,,2,650,,,,,,St. Georgenstrasse 36,St. Gallen,9000
3001380921,1489.01.0102,rent,2021-09-30T14:31:31.524103,,1,710,,,,35,1920,Ruhbergstrasse 48,St. Gallen,9000
3001349920,Mü-Zi4,rent,2021-09-30T14:31:31.544868,,2,690,,,,,,Müller-Friedbergstrasse 22,St. Gallen,9000
3001336211,210909_2 Zi Whg._FL159.873641.12dbd5d8-0970-11ec-8c59-005056bdbc06,rent,2021-09-30T14:31:31.593433,,GF,700,,,,,,Flurhofstrasse 159,St. Gallen,9000
3001221054,..58.1.1.680484.6489d40b-b08b-11ea-97df-005056bdbc06,rent,2021-09-30T14:31:31.610938,,1,690,,,,,,Falkensteinstrasse 85,St. Gallen,9000
3001318084,10254.1.1003.3,rent,2021-09-30T14:31:31.630169,,1,690,,,,43,,Brauerstrasse 5,St. Gallen,9000
3001271252,3 Zi-Wg 2. OG rechts - Fuchsenstrasse 9 1,rent,2021-09-30T14:31:31.691878,,2,880,,,,,,Fuchsenstrasse 9,St. Gallen,9016
3001222803,1212.02.0306,rent,2021-09-30T14:31:31.746380,,3,680,110,570,,20,1970,Achslenstr.5,St. Gallen,9016
3001298519,1212.02.0305,rent,2021-09-30T14:31:31.764072,,3,1890,370,1520,,90,1970,Achslenstr.5,St. Gallen,9016
3001354881,20120.1.1032,rent,2021-09-30T14:31:31.794817,,3,1801,250,1551,,91,1981,Tablatstrasse 10,St. Gallen,9016
3001340922,W4 2OG,rent,2021-09-30T14:31:31.818180,,3,1020,,,,80,1921,Walserstrasse 4,St. Gallen,9014
3001354883,20120.4.4041,rent,2021-09-30T14:31:31.834567,,4,1685,250,1435,,91,1981,Tablatstrasse 10c,St. Gallen,9016
3001319062,1504.05.0301,rent,2021-09-30T14:31:31.847087,,3,1430,250,1180,,79,1960,Burenbüchelstr. 11,St. Gallen,9016
3001203380,02947.01.1104,rent,2021-09-30T14:31:31.883627,,1,1490,,,,88,2017,Favrestrasse 17,St. Gallen,9016
3000893601,10057.2.1043,rent,2021-09-30T14:31:31.896524,,4,1195,100,1095,,51,1930,Rickenstrasse 20,St. Gallen,9014
3000999081,3051663,rent,2021-09-30T14:31:31.968669,,7,1070,,,,50,,Bernhardswiesstrasse 11,St. Gallen,9014
3001302972,10104.1.1001,rent,2021-09-30T14:31:32.041926,,GF,1090,,,,38,,Rickenstrasse 4,St. Gallen,9014
3001059539,5242.goldinger.SM319.2110,rent,2021-09-30T14:31:32.055480,,4,990,,,,65,,Zürcherstrasse 284,St. Gallen,9014
3001002079,3858.goldinger.SM319.2101,rent,2021-09-30T14:31:32.094030,,1,1030,,,,65,,Zürcherstrasse 284,St. Gallen,9014
3001380181,092021WhgZürcherstr,rent,2021-09-30T14:31:32.147786,,1,1050,,,,,,Zürcherstrasse 201,St. Gallen,9014
3001319737,51802.09.0003,rent,2021-09-30T14:31:32.161672,,GF,970,,,,47,1984,Engelwiesstrasse 5c,St. Gallen,9014
3001328965,10057.2.1021,rent,2021-09-30T14:31:32.176943,,2,1095,100,995,,38,1930,Rickenstrasse 20,St. Gallen,9014
3001185037,5617.goldinger.SM319.1103,rent,2021-09-30T14:31:32.209404,,2,940,,,,55,,Zürcherstrasse 282,St. Gallen,9014
3001180367,12004.02.410020,rent,2021-09-30T14:31:32.290833,,1,720,,,,40,1970,Wolfgangstrasse 67,St. Gallen,9014
3001380668,10057.2.1002,rent,2021-09-30T14:31:32.304148,,GF,890,100,790,,29,1930,Rickenstrasse 20,St. Gallen,9014
3001352497,901401.1.20025001,rent,2021-09-30T14:31:32.360892,,1,680,,,,,1966,Moosstrasse 25,St. Gallen,9014
3001380176,Zürcherstr201StGALLEN,rent,2021-09-30T14:31:32.376005,,3,360,,,,,,Zürcherstrasse 201,St. Gallen,9014
3001368962,4193.8001,rent,2021-09-30T14:31:32.398272,,-1,150,,,,,,Lehnstrasse 103,St. Gallen,9014
3001294335,34497600,rent,2021-09-30T14:31:32.458507,,,1890,,,,120,,Zürcherstrasse 438,St. Gallen,9015
3001384667,TG2146.TG2146.TG2146,rent,2021-09-30T14:31:32.473810,,2,575,,,,20,,Zürcherstrasse 240,St. Gallen,9014
3001311443,46198427,rent,2021-09-30T14:31:32.537575,,,925,,,,106,,Gübsenstrasse 90,St. Gallen,9015
3001385698,SM1037.2213.889592.2ea0dc15-21f0-11ec-842e-005056bdbc06,rent,2021-09-30T14:31:32.822800,,4,1630,180,1450,,84,2010,Altwinkelnstrasse 17,St. Gallen,9015
3001251668,SM1037.2107.864723.eaca4bf5-f5fa-11eb-8985-005056bdbc06,rent,2021-09-30T14:31:32.880014,,3,1590,210,1380,,92,,Altwinkelnstrasse 15,St. Gallen,9015
3001321804,2510.02.0712,rent,2021-09-30T14:31:32.896245,,1,1380,,,,80,,Quimbystrasse 7,St. Gallen,9015
3001170136,10081.1.1035,rent,2021-09-30T14:31:32.911267,,3,1510,170,1340,,64,2015,Kunklerstrasse 1,St. Gallen,9015
3001353330,20070.2.2021,rent,2021-09-30T14:31:32.925072,,2,1205,,,,80,1985,Sonnmattstrasse 33,St. Gallen,9015
3001261018,3965.3011,rent,2021-09-30T14:31:32.939939,,1,1060,,,,66,,Herisauerstrasse 86,St. Gallen,9015
3000968851,33.whgbogdan.33123,rent,2021-09-30T14:31:32.955157,,2,1150,,,,,,Letzistrasse 11,St. Gallen,9015
3000883584,2380.1.10140,rent,2021-09-30T14:31:33.026183,,2,850,,,,,,Iddastr. 19,St. Gallen,9008
3001281270,1058.01.1033,rent,2021-09-30T14:31:33.069916,,3,800,,,,75,,Kolumbanstrasse 47,St. Gallen,9008
3001371995,859492.f8c7d51f-eaae-11eb-9c8e-005056bdbc06,rent,2021-09-30T14:31:33.085944,,4,770,,,,,,Langgasse 37,St. Gallen,9008
3001380521,Pelikanstrasse.21.10,rent,2021-09-30T14:31:33.100347,,3,785,,,,30,,Pelikanstrasse 21,St. Gallen,9008
3001077667,23029.02.420030,rent,2021-09-30T14:31:33.181701,,2,760,60,700,,24,1976,Sonnrainweg 6,St. Gallen,9008
3001332172,12103.02.10004,rent,2021-09-30T14:31:33.197965,,GF,590,,,,35,,Sonnenhaldenstrasse 10a,St. Gallen,9008
3001315136,Langgasse 167.874682.f4c2539d-0b00-11ec-8c59-005056bdbc06,rent,2021-09-30T14:31:33.245217,,2,550,,,,33,,Langgasse 167,St. Gallen,9008
3001310505,23030.02.420030,rent,2021-09-30T14:31:33.304406,,2,761,60,701,,24,1976,Sonnrainweg 12,St. Gallen,9008
3001153870,848488.1f24860c-d421-11eb-92cc-005056bdbc06,rent,2021-09-30T14:31:33.431597,,,570,,,,13,,Waldstrasse 5,St. Gallen,9008
3001076509,812650.47c33fd4-91f6-11eb-968e-005056bdbc06,rent,2021-09-30T14:31:33.462087,,3,600,,,,14,,Waldstrasse 5,St. Gallen,9008
3001347500,174.70.1im2oge,rent,2021-09-30T14:31:33.508256,,2,375,,,,13,,Langgasse 70,St. Gallen,9008
3001347501,174.70.1im2ogsL,rent,2021-09-30T14:31:33.564321,,2,375,,,,13,,Langgasse 70,St. Gallen,9008
3001222317,16483.03.0301,rent,2021-09-30T14:31:33.585642,,3,1300,,,,,,Im Grund 14c,St. Gallen,9012
2147994348,44.53.3003.499622.e75b7976-c57b-11e9-9cb0-a4bf01195aaa,rent,2021-09-30T14:31:33.633864,,3,1720,,,,72,2017,Heiligkreuzstrasse 53,St. Gallen,9008
3001145757,TEUF.TEUF,rent,2021-09-30T14:31:33.676412,,3,1250,,,,73,,Teufenerstrasse 200,St. Gallen,9012
3001316121,TEUF.BAR,rent,2021-09-30T14:31:33.742661,,1,1350,,,,77,,Teufenerstrasse 200,St. Gallen,9012
3001275291,1060.174.1110.868370.543d47d8-fe96-11eb-bf79-005056bdbc06,rent,2021-09-30T14:31:33.781275,,2,970,,,,55,,Teufenerstrasse 72,St. Gallen,9012
3001102451,16.180.42,rent,2021-09-30T14:31:33.795300,,1,1080,,,,110,,Teufenerstrasse 180,St. Gallen,9012
3001285710,16.180.181,rent,2021-09-30T14:31:33.814973,,4,900,,,,107,,Teufenerstrasse 180,St. Gallen,9012
3001357089,54817.01.0102,rent,2021-09-30T14:31:33.836013,,1,940,,,,,1900,Teufenerstrasse 147,St. Gallen,9012
3001262225,1060.174.1101.866335.31df7996-f9cb-11eb-8985-005056bdbc06,rent,2021-09-30T14:31:33.875395,,GF,840,,,,56,,Teufenerstrasse 72,St. Gallen,9012
3001166253,1026.1.1301,rent,2021-09-30T14:31:33.924264,,100,1000,150,850,,52,1965,Obere Berneggstrasse 79,St. Gallen,9012
3000981079,A18.355.132b,rent,2021-09-30T14:31:33.996472,,4,1690,170,1520,,75,2016,Altmannstrasse 18,St. Gallen,9012
3001263812,46843273,rent,2021-09-30T14:31:34.062650,,,1370,,,,70,,St. Georgenstrasse 96a,St. Gallen,9011
3001335387,47314936,rent,2021-09-30T14:31:34.079818,,,1050,,,,50,,St. Georgenstrasse 100b,St. Gallen,9011
3001382866,16735.888886.3b0e7b82-210c-11ec-842e-005056bdbc06,rent,2021-09-30T14:31:34.106133,,2,2320,,,,97,2020,Sankt Georgen-Strasse 167,St. Gallen,9011
3001190794,8403.4521,rent,2021-09-30T14:31:34.160285,,2,1510,,,,97,,Wiesenstrasse 37,St. Gallen,9011
3001338149,2100.01.0058,rent,2021-09-30T14:31:34.181942,,2,2020,,,,138,2006,Schokoladenweg 5,St. Gallen,9011
3001102454,16.180.5,rent,2021-09-30T14:31:34.319249,,3,670,80,590,,25,,Teufenerstrasse 180,St. Gallen,9012
3001274584,868266.f02460e9-fe6f-11eb-bf79-005056bdbc06,rent,2021-09-30T14:31:34.338784,,2,1490,,,,,,Sankt Georgen-Strasse 221,St. Gallen,9011
3001251815,7145.2531,rent,2021-09-30T14:31:34.443872,,3,1460,,,,60,2018,St. Georgenstrasse 159a,St. Gallen,9011
3001321698,7145.2514,rent,2021-09-30T14:31:34.471153,,1,1120,,,,44,2018,St. Georgenstrasse 159,St. Gallen,9011
3001207527,7145.3501,rent,2021-09-30T14:31:34.507734,,GF,1420,,,,65,2018,St. Georgenstrasse 159,St. Gallen,9011
3001370366,dz448.r1wg1,rent,2021-09-30T14:31:34.537767,,3,1200,140,1060,,64,1963,St. Georgen-Strasse,St. Gallen,9011
3001271249,St. Georgenstrasse 3.5 Zi-Wg 2. OG rechts 1,rent,2021-09-30T14:31:34.633902,,2,980,,,,,,St. Georgenstrasse 153,St. Gallen,9011
3001184167,i4jo3.p2b5i,rent,2021-09-30T14:31:34.756292,,2,890,,,,50,,St. Georgen-Strasse 118,St. Gallen,9011
3001123600,3057.01.1021,rent,2021-09-30T14:31:34.786470,,2,1000,,,,63,1979,St.Georgenstrasse 199,St. Gallen,9011
3001224338,8612.04.0328,rent,2021-09-30T14:31:34.810028,,2,1010,135,875,,50,1974,Hardungstrasse 63a,St. Gallen,9011
3001052159,3134224,rent,2021-09-30T14:31:34.900037,,1,2000,,,,100,,Kirchlistrasse 1,St. Gallen,9010
3000955021,8613.01.0312,rent,2021-09-30T14:31:34.925355,,1,2120,305,1815,,117,1963,Sonnenhaldenstrasse 64,St. Gallen,9010
3001257109,865722.45d1d5a2-f849-11eb-8985-005056bdbc06,rent,2021-09-30T14:31:34.939333,,GF,1720,,,,126,,Engelaustrasse 15,St. Gallen,9010
3000873636,108402.02.00006,rent,2021-09-30T14:31:35.008633,,GF,1640,,,,83,1920,Ludwigstr. 21,St. Gallen,9010
3001385241,139101.01.00001,rent,2021-09-30T14:31:35.022405,,GF,1600,,,,113,1950,Ludwigstr. 15,St. Gallen,9010
3001235438,54813.01.0001,rent,2021-09-30T14:31:35.038224,,1,1690,260,1430,,105,1963,Tannenstrasse 32,St. Gallen,9010
3001105089,5060.02.2001,rent,2021-09-30T14:31:35.057449,,2,1420,,,,95,,Tannenstr. 44,St. Gallen,9010
3001052160,3134225,rent,2021-09-30T14:31:35.130947,,,1100,,,,65,,Kirchlistrasse 1,St. Gallen,9010
3000939647,139101.02.00102,rent,2021-09-30T14:31:35.144674,,1,1550,,,,91,1950,Ludwigstr. 17,St. Gallen,9010
3001328989,52220.01.0102,rent,2021-09-30T14:31:35.157010,,1,990,,,,,,Guisanstr. 82,St. Gallen,9010
3001297995,3260082,rent,2021-09-30T14:31:35.172647,,,1100,,,,40,,Kirchlistrasse 1,St. Gallen,9010
3001336198,210909_1.5 Zi Whg._1003.786285.28e18f25-66eb-11eb-9a3b-005056bdbc06,rent,2021-09-30T14:31:35.202716,,1,660,,,,24,,Langweidstrasse 2,St. Gallen,9000
3001385146,10738.10738.1021,rent,2021-09-30T14:31:35.217654,,2,650,,,,32,,Brauerstrasse 3,St. Gallen,9000
3001383031,(6698756),rent,2021-09-30T14:31:35.253039,,4,740,,,,88,,Guisanstrasse 83,St. Gallen,9010
3001286515,01142.01.0008,rent,2021-09-30T14:31:35.275166,,3,890,,,,53,1920,Tannenstrasse 36,St. Gallen,9010
3001374718,ai6ql.8z597,rent,2021-09-30T14:31:35.355829,,3,690,,,,25,,Löwengasse,St. Gallen,9000
3001377706,ede5r.tu1wf,rent,2021-09-30T14:31:35.706587,,4,1120,,,,,,Oberstrasse 107,St. Gallen,9000
3001285652,tdiju.w6f0k,rent,2021-09-30T14:31:35.728468,,3,700,,,,65,,Oberstrasse 123,St. Gallen,9000
3001381018,a1gsm.wt25n,rent,2021-09-30T14:31:35.741863,,3,1400,,,,,,Buchentalstrasse 26,St. Gallen,9000
3001333392,1k88z.l29cc,rent,2021-09-30T14:31:35.756397,,2,1625,160,1465,,73,2016,Rappensteinstrasse 23,St. Gallen,9000
3001345902,4547.01.0302,rent,2021-09-30T14:31:35.809426,,3,1105,,,,41,,Schwalbenstrasse 10,St. Gallen,9000
